iso_a2,iso_a3,name,name_long,abbrev,type,continent,region_un,subregion,region_wb,un_a3,wb_a2,wb_a3,iso3c,country,date,it.net.user.zs,ms.mil.xpnd.gd.zs,ne.trd.gnfs.zs,ny.gdp.mktp.cd,ny.gdp.mktp.pp.cd,sl.isv.ifrm.zs,sp.pop.grow,sp.pop.totl,sp.rur.totl.zs,sp.urb.totl.in.zs,region,income_group,eu
-99,-99,Indian Ocean Ter.,Indian Ocean Territories,Ind. Oc. Ter.,Dependency,Asia,Seven seas (open ocean),Seven seas (open ocean),East Asia & Pacific,-099,-99,-99,,,,,,,,,,,,,,,,
-99,-99,N. Cyprus,Northern Cyprus,N. Cy.,Sovereign country,Asia,Asia,Western Asia,Europe & Central Asia,-099,-99,-99,,,,,,,,,,,,,,,,
-99,-99,Ashmore and Cartier Is.,Ashmore and Cartier Islands,A.C.Is.,Dependency,Oceania,Oceania,Australia and New Zealand,East Asia & Pacific,-099,-99,-99,,,,,,,,,,,,,,,,
-99,-99,Siachen Glacier,Siachen Glacier,Siachen,Indeterminate,Asia,Asia,Southern Asia,South Asia,-099,-99,-99,,,,,,,,,,,,,,,,
-99,-99,Somaliland,Somaliland,Solnd.,Indeterminate,Africa,Africa,Eastern Africa,Sub-Saharan Africa,-099,-99,-99,,,,,,,,,,,,,,,,
AD,AND,Andorra,Andorra,And.,Sovereign country,Europe,Europe,Southern Europe,Europe & Central Asia,020,AD,ADO,AND,Andorra,2019,91.5675,,,3154057987.23833,,,0.176453843432831,77142,12.016,87.984,Europe & Central Asia,High income,
AE,ARE,United Arab Emirates,United Arab Emirates,U.A.E.,Sovereign country,Asia,Asia,Western Asia,Middle East & North Africa,784,AE,ARE,ARE,United Arab Emirates,2019,99.15,,160.936092884595,421142267937.65,684809773101.984,,1.43878044485973,9770529,13.211,86.789,Middle East & North Africa,High income,
AF,AFG,Afghanistan,Afghanistan,Afg.,Sovereign country,Asia,Asia,Southern Asia,South Asia,004,AF,AFG,AFG,Afghanistan,2019,13.5,1.17390797773909,,19291104007.8299,82033979456.0881,,2.31181721714573,38041754,74.246,25.754,South Asia,Low income,
AG,ATG,Antigua and Barb.,Antigua and Barbuda,Ant.B.,Sovereign country,North America,Americas,Caribbean,Latin America & Caribbean,028,AG,ATG,ATG,Antigua and Barbuda,2019,76,,,1661962962.96296,2222037123.49811,,0.860380480678118,97118,75.494,24.506,Latin America & Caribbean,High income,
AI,AIA,Anguilla,Anguilla,Ang.,Dependency,North America,Americas,Caribbean,Latin America & Caribbean,660,-99,-99,,,,,,,,,,,,,,,,
AL,ALB,Albania,Albania,Alb.,Sovereign country,Europe,Europe,Southern Europe,Europe & Central Asia,008,AL,ALB,ALB,Albania,2019,69.6429,1.27255921985547,76.8914950284438,15279183289.9372,41374717167.3059,32.2400016784668,-0.426007367032238,2854191,38.771,61.229,Europe & Central Asia,Upper middle income,
AM,ARM,Armenia,Armenia,Arm.,Sovereign country,Asia,Asia,Western Asia,Europe & Central Asia,051,AM,ARM,ARM,Armenia,2019,64.7449,4.94572687070593,95.7371808943261,13672802157.8324,42171217644.7695,,0.201539722879792,2957731,36.781,63.219,Europe & Central Asia,Upper middle income,
AO,AGO,Angola,Angola,Ang.,Sovereign country,Africa,Africa,Middle Africa,Sub-Saharan Africa,024,AO,AGO,AGO,Angola,2019,14.3391,1.64466112900931,68.8502850634669,88815697793.303,221679454297.145,,3.2429826028718,31825295,33.823,66.177,Sub-Saharan Africa,Lower middle income,
AQ,ATA,Antarctica,Antarctica,Ant.,Indeterminate,Antarctica,Antarctica,Antarctica,Antarctica,-099,-99,-99,,,,,,,,,,,,,,,,
AR,ARG,Argentina,Argentina,Arg.,Sovereign country,South America,Americas,South America,Latin America & Caribbean,032,AR,ARG,ARG,Argentina,2019,74.2949,0.706520712488669,32.6276437331024,445445177459.426,1035400864701.41,49.3600006103516,0.993397493293046,44938712,8.009,91.991,Latin America & Caribbean,Upper middle income,
AS,ASM,American Samoa,American Samoa,Am. Samoa,Dependency,Oceania,Oceania,Polynesia,East Asia & Pacific,016,AS,ASM,ASM,American Samoa,2019,,,,,,,-0.276230801135428,55312,12.853,87.147,East Asia & Pacific,Upper middle income,
AT,AUT,Austria,Austria,Aust.,Sovereign country,Europe,Europe,Western Europe,Europe & Central Asia,040,AT,AUT,AUT,Austria,2019,87.7522,0.725448726520338,107.779781982421,445075391688.156,523271333582.528,,0.412539808816785,8877067,41.485,58.515,Europe & Central Asia,High income,EU
AU,AUS,Australia,Australia,Auz.,Country,Oceania,Oceania,Australia and New Zealand,East Asia & Pacific,036,AU,AUS,AUS,Australia,2019,86.545,1.87980239539543,45.7104594710859,1396567014733.23,1356205779786.37,,1.5159844540476901,25364307,13.876,86.124,East Asia & Pacific,High income,
AW,ABW,Aruba,Aruba,Aruba,Country,North America,Americas,Caribbean,Latin America & Caribbean,533,AW,ABW,ABW,Aruba,2019,97.17,,,,,,0.442121959444383,106314,56.454,43.546,Latin America & Caribbean,High income,
AX,ALA,Åland,Åland Islands,Åland,Country,Europe,Europe,Northern Europe,Europe & Central Asia,248,-99,-99,,,,,,,,,,,,,,,,
AZ,AZE,Azerbaijan,Azerbaijan,Aze.,Sovereign country,Asia,Asia,Western Asia,Europe & Central Asia,031,AZ,AZE,AZE,Azerbaijan,2019,79.8,3.99905861648249,86.0438780132467,48047647058.8235,150763304910.39,,0.837019639355119,10023318,43.969,56.031,Europe & Central Asia,Upper middle income,
BA,BIH,Bosnia and Herz.,Bosnia and Herzegovina,B.H.,Sovereign country,Europe,Europe,Southern Europe,Europe & Central Asia,070,BA,BIH,BIH,Bosnia and Herzegovina,2019,69.9463,0.935792431507486,95.2585270776408,20164193806.88,52430838988.0379,10.789999961853,-0.692206408656095,3301000,51.374,48.626,Europe & Central Asia,Upper middle income,
BB,BRB,Barbados,Barbados,Barb.,Sovereign country,North America,Americas,Caribbean,Latin America & Caribbean,052,BB,BRB,BRB,Barbados,2019,81.7608,,83.6916711460933,5209000000,4687373036.22517,,0.133875829263984,287025,68.842,31.158,Latin America & Caribbean,High income,
BD,BGD,Bangladesh,Bangladesh,Bang.,Sovereign country,Asia,Asia,Southern Asia,South Asia,050,BD,BGD,BGD,Bangladesh,2019,12.9,1.34364427067534,36.7592997489934,302571254131.135,809376043816.389,,1.0420011284052,163046161,62.595,37.405,South Asia,Lower middle income,
BE,BEL,Belgium,Belgium,Belg.,Sovereign country,Europe,Europe,Western Europe,Europe & Central Asia,056,BE,BEL,BEL,Belgium,2019,90.3705,0.93364726804675,163.057248868288,533097455834.509,630528239180.662,,0.497584971619203,11484055,1.959,98.041,Europe & Central Asia,High income,EU
BF,BFA,Burkina Faso,Burkina Faso,B.F.,Sovereign country,Africa,Africa,Western Africa,Sub-Saharan Africa,854,BF,BFA,BFA,Burkina Faso,2019,16,2.42994839861159,56.7252602906424,15990803569.9961,46225439607.3739,,2.84422255256232,20321378,70.02,29.98,Sub-Saharan Africa,Low income,
BG,BGR,Bulgaria,Bulgaria,Bulg.,Sovereign country,Europe,Europe,Eastern Europe,Europe & Central Asia,100,BG,BGR,BGR,Bulgaria,2019,67.947,3.2209041495021,125.172532869676,68558815111.6199,172926115688.673,,-0.703905641117455,6975761,24.653,75.347,Europe & Central Asia,Upper middle income,EU
BH,BHR,Bahrain,Bahrain,Bahr.,Sovereign country,Asia,Asia,Western Asia,Middle East & North Africa,048,BH,BHR,BHR,Bahrain,2019,99.7015,3.69024554800784,,38574069148.9362,77139267898.7839,,4.46923900893373,1641172,10.606,89.394,Middle East & North Africa,High income,
BI,BDI,Burundi,Burundi,Bur.,Sovereign country,Africa,Africa,Eastern Africa,Sub-Saharan Africa,108,BI,BDI,BDI,Burundi,2019,2.66075,1.76513100608552,41.857360239639,3012334881.64057,9050663437.03456,,3.12896711408085,11530580,86.634,13.366,Sub-Saharan Africa,Low income,
BJ,BEN,Benin,Benin,Benin,Sovereign country,Africa,Africa,Western Africa,Sub-Saharan Africa,204,BJ,BEN,BEN,Benin,2019,20,0.652801729118102,63.6813323140356,14390709094.9386,40510770474.5397,,2.71510535908362,11801151,52.139,47.861,Sub-Saharan Africa,Lower middle income,
BL,BLM,St-Barthélemy,Saint-Barthélemy,St. B.,Dependency,North America,Americas,Caribbean,Latin America & Caribbean,652,-99,-99,,,,,,,,,,,,,,,,
BM,BMU,Bermuda,Bermuda,Berm.,Dependency,North America,Americas,Northern America,North America,060,BM,BMU,BMU,Bermuda,2019,98.37,,75.8610539418633,7484113000,5459724012.04265,,-0.00312891113892766,63918,0,100,North America,High income,
BN,BRN,Brunei,Brunei Darussalam,Brunei,Sovereign country,Asia,Asia,South-Eastern Asia,East Asia & Pacific,096,BN,BRN,BRN,Brunei Darussalam,2019,95,3.34575238645081,108.509658357959,13469422958.5105,28097514783.1279,30.7299995422363,1.00273731829347,433285,22.058,77.942,East Asia & Pacific,High income,
BO,BOL,Bolivia,Bolivia,Bolivia,Sovereign country,South America,Americas,South America,Latin America & Caribbean,068,BO,BOL,BOL,Bolivia,2019,43.8323,1.42195809478552,56.3973067329667,40895322843.7851,104890740216.212,80.0100021362305,1.39909836758217,11513100,30.227,69.773,Latin America & Caribbean,Lower middle income,
BR,BRA,Brazil,Brazil,Brazil,Sovereign country,South America,Americas,South America,Latin America & Caribbean,076,BR,BRA,BRA,Brazil,2019,67.4713,1.47602163484815,28.9766236459153,1839758040765.62,3229055074104.07,,0.75154842651724,211049527,13.176,86.824,Latin America & Caribbean,Upper middle income,
BS,BHS,Bahamas,Bahamas,Bhs.,Sovereign country,North America,Americas,Caribbean,Latin America & Caribbean,044,BS,BHS,BHS,"Bahamas, The",2019,85,,75.9198161840516,13578800000,15089524205.6577,,0.991335935305563,389482,16.868,83.132,Latin America & Caribbean,High income,
BT,BTN,Bhutan,Bhutan,Bhutan,Sovereign country,Asia,Asia,Southern Asia,South Asia,064,BT,BTN,BTN,Bhutan,2019,48.1064,,84.3588359248042,2530547157.56678,9428607226.70276,,1.14638227394932,763092,58.388,41.612,South Asia,Lower middle income,
BW,BWA,Botswana,Botswana,Bwa.,Sovereign country,Africa,Africa,Southern Africa,Sub-Saharan Africa,072,BW,BWA,BWA,Botswana,2019,47,2.77020292125919,74.1107590153163,18340480936.0444,42739922024.5936,,2.1752909092404,2303697,29.828,70.172,Sub-Saharan Africa,Upper middle income,
BY,BLR,Belarus,Belarus,Bela.,Sovereign country,Europe,Europe,Eastern Europe,Europe & Central Asia,112,BY,BLR,BLR,Belarus,2019,82.7892,1.24304370388904,133.345989479484,63080457022.6599,189309266271.823,,-0.175648469687962,9466856,20.956,79.044,Europe & Central Asia,Upper middle income,
BZ,BLZ,Belize,Belize,Belize,Sovereign country,North America,Americas,Central America,Latin America & Caribbean,084,BZ,BLZ,BLZ,Belize,2019,47.0826,1.16539418557525,115.710072006289,1879613600,2855288541.94045,,1.88311073570597,390353,54.134,45.866,Latin America & Caribbean,Upper middle income,
CA,CAN,Canada,Canada,Can.,Sovereign country,North America,Americas,Northern America,North America,124,CA,CAN,CAN,Canada,2019,91,1.28034448113844,64.9767044956374,1736425629519.96,1929896807041.14,,1.42405130729193,37589262,18.518,81.482,North America,High income,
CD,COD,Dem. Rep. Congo,Democratic Republic of the Congo,D.R.C.,Sovereign country,Africa,Africa,Middle Africa,Sub-Saharan Africa,180,ZR,ZAR,COD,"Congo, Dem. Rep.",2019,8.6199,0.673816900246537,63.173840802806,50400746171.4239,99508497966.8993,,3.18708630238904,86790567,54.954,45.046,Sub-Saharan Africa,Low income,
CF,CAF,Central African Rep.,Central African Republic,C.A.R.,Sovereign country,Africa,Africa,Middle Africa,Sub-Saharan Africa,140,CF,CAF,CAF,Central African Republic,2019,4.33925,1.49832255700385,66.135130443945,2220307368.69593,4681983390.88152,,1.67474521186478,4745185,58.23,41.77,Sub-Saharan Africa,Low income,
CG,COG,Congo,Republic of the Congo,Rep. Congo,Sovereign country,Africa,Africa,Middle Africa,Sub-Saharan Africa,178,CG,COG,COG,"Congo, Rep.",2019,8.65,2.66289875872558,122.249429573154,12267392146.5888,20637813209.5959,,2.5629008034182,5380508,32.627,67.373,Sub-Saharan Africa,Lower middle income,
CH,CHE,Switzerland,Switzerland,Switz.,Sovereign country,Europe,Europe,Western Europe,Europe & Central Asia,756,CH,CHE,CHE,Switzerland,2019,93.1461,0.72811418864883,119.438495616095,703082435158.864,608720962062.194,,0.708089212766107,8574832,26.151,73.849,Europe & Central Asia,High income,
CI,CIV,Côte d'Ivoire,Côte d'Ivoire,I.C.,Sovereign country,Africa,Africa,Western Africa,Sub-Saharan Africa,384,CI,CIV,CIV,Cote d'Ivoire,2019,36.4538,1.13999422219699,46.4009144551692,58539424929.7248,139980931072.653,,2.54933623927928,25716544,48.761,51.239,Sub-Saharan Africa,Lower middle income,
CK,COK,Cook Is.,Cook Islands,Cook Is.,Dependency,Oceania,Oceania,Polynesia,East Asia & Pacific,184,-99,-99,,,,,,,,,,,,,,,,
CL,CHL,Chile,Chile,Chile,Sovereign country,South America,Americas,South America,Latin America & Caribbean,152,CL,CHL,CHL,Chile,2019,82.3275,1.82160881012582,56.7617888231289,282318159744.65,476738379869.679,27.7800006866455,1.18298043072933,18952038,12.357,87.643,Latin America & Caribbean,High income,
CM,CMR,Cameroon,Cameroon,Cam.,Sovereign country,Africa,Africa,Middle Africa,Sub-Saharan Africa,120,CM,CMR,CMR,Cameroon,2019,23.203,1.09666376169493,44.8677212238389,39007354359.2798,98419704862.9205,,2.58424710709784,25876380,43.032,56.968,Sub-Saharan Africa,Lower middle income,
CN,CHN,China,China,China,Country,Asia,Asia,Eastern Asia,East Asia & Pacific,156,CN,CHN,CHN,China,2019,54.3,1.88859795289795,35.6800870829592,14342903006431.3,23523357663257.7,,0.357291063115687,1397715000,39.692,60.308,East Asia & Pacific,Upper middle income,
CO,COL,Colombia,Colombia,Col.,Sovereign country,South America,Americas,South America,Latin America & Caribbean,170,CO,COL,COL,Colombia,2019,65.0069,3.15235557431332,37.7090933870031,323615979418.651,787042347792.918,57.2599983215332,1.35678804331132,50339443,18.896,81.104,Latin America & Caribbean,Upper middle income,
CR,CRI,Costa Rica,Costa Rica,C.R.,Sovereign country,North America,Americas,Central America,Latin America & Caribbean,188,CR,CRI,CRI,Costa Rica,2019,81.2026,0,66.0225000884947,61801385049.0716,103189741046.391,36.8499984741211,0.957905013850413,5047561,19.924,80.076,Latin America & Caribbean,Upper middle income,
CU,CUB,Cuba,Cuba,Cuba,Sovereign country,North America,Americas,Caribbean,Latin America & Caribbean,192,CU,CUB,CUB,Cuba,2019,61.8363,,,,,,-0.041064554364363,11333483,22.891,77.109,Latin America & Caribbean,Upper middle income,
CV,CPV,Cabo Verde,Republic of Cabo Verde,C.Vd.,Sovereign country,Africa,Africa,Western Africa,Sub-Saharan Africa,132,CV,CPV,CPV,Cabo Verde,2019,58.1714,0.486092072867728,116.214528584601,1981845740.35828,4118579527.6735,,1.12792431423236,549935,33.805,66.195,Sub-Saharan Africa,Lower middle income,
CW,CUW,Curaçao,Curaçao,Cur.,Country,North America,Americas,Caribbean,Latin America & Caribbean,531,CW,CUW,CUW,Curacao,2019,68.1272,,,3101787709.49721,4027069861.08246,,-1.42563343261042,157538,10.902,89.098,Latin America & Caribbean,High income,
CY,CYP,Cyprus,Cyprus,Cyp.,Sovereign country,Asia,Asia,Western Asia,Europe & Central Asia,196,CY,CYP,CYP,Cyprus,2019,86.0636,1.62766471668554,144.816112472251,24948935408.0376,36945931817.3987,,0.779788191505342,1198575,33.195,66.805,Europe & Central Asia,High income,EU
CZ,CZE,Czechia,Czech Republic,Cz.,Sovereign country,Europe,Europe,Eastern Europe,Europe & Central Asia,203,CZ,CZE,CZE,Czech Republic,2019,80.8669,1.19068519664371,142.756165428235,250680504529.647,461993700321.157,,0.37353731667249,10669709,26.079,73.921,Europe & Central Asia,High income,EU
DE,DEU,Germany,Germany,Ger.,Sovereign country,Europe,Europe,Western Europe,Europe & Central Asia,276,DE,DEU,DEU,Germany,2019,88.1345,1.27950017689277,87.9891274408895,3861123558039.21,4678568424936.44,,0.273451073953555,83132799,22.624,77.376,Europe & Central Asia,High income,EU
DJ,DJI,Djibouti,Djibouti,Dji.,Sovereign country,Africa,Africa,Eastern Africa,Middle East & North Africa,262,DJ,DJI,DJI,Djibouti,2019,55.6814,,,3324634256.13324,5626861137.87837,,1.51518050206022,973560,22.085,77.915,Middle East & North Africa,Lower middle income,
DK,DNK,Denmark,Denmark,Den.,Country,Europe,Europe,Northern Europe,Europe & Central Asia,208,DK,DNK,DNK,Denmark,2019,98.0464,1.32256524012972,109.29243155125,350104327658.675,350151505695.093,,0.429153163832595,5818553,12.006,87.994,Europe & Central Asia,High income,EU
DM,DMA,Dominica,Dominica,D'inca,Sovereign country,North America,Americas,Caribbean,Latin America & Caribbean,212,DM,DMA,DMA,Dominica,2019,69.6197,,108.718185807223,582403703.703704,893610429.300979,,0.255171542527292,71808,29.214,70.786,Latin America & Caribbean,Upper middle income,
DO,DOM,Dominican Rep.,Dominican Republic,Dom. Rep.,Sovereign country,North America,Americas,Caribbean,Latin America & Caribbean,214,DO,DOM,DOM,Dominican Republic,2019,74.8243,0.730151762803349,51.0111449198007,88941299734.2073,206485630248.572,51.1199989318848,1.04646051306009,10738958,18.172,81.828,Latin America & Caribbean,Upper middle income,
DZ,DZA,Algeria,Algeria,Alg.,Sovereign country,Africa,Africa,Northern Africa,Middle East & North Africa,012,DZ,DZA,DZA,Algeria,2019,59.5797,6.00952348900797,52.0263555949345,171091289782.245,517494624584.119,,1.93395019121501,43053054,26.811,73.189,Middle East & North Africa,Lower middle income,
EC,ECU,Ecuador,Ecuador,Ecu.,Sovereign country,South America,Americas,South America,Latin America & Caribbean,218,EC,ECU,ECU,Ecuador,2019,57.2722,2.28682401290989,46.7399136031782,107435665000,206376837844.164,65.7699966430664,1.6792131785026,17373662,36.014,63.986,Latin America & Caribbean,Upper middle income,
EE,EST,Estonia,Estonia,Est.,Sovereign country,Europe,Europe,Northern Europe,Europe & Central Asia,233,EE,EST,EST,Estonia,2019,89.5323,2.12043452820386,141.806026645834,31471100656.2431,51624513593.6684,,0.348339661751493,1326590,30.949,69.051,Europe & Central Asia,High income,EU
EG,EGY,Egypt,Egypt,Egypt,Sovereign country,Africa,Africa,Northern Africa,Middle East & North Africa,818,EG,EGY,EGY,"Egypt, Arab Rep.",2019,57.2829,1.1804530017153,43.2651297371437,303092255125.285,1233147750539.73,,1.97628434808829,100388073,57.27,42.73,Middle East & North Africa,Lower middle income,
EH,ESH,W. Sahara,Western Sahara,W. Sah.,Indeterminate,Africa,Africa,Northern Africa,Middle East & North Africa,732,-99,-99,,,,,,,,,,,,,,,,
ER,ERI,Eritrea,Eritrea,Erit.,Sovereign country,Africa,Africa,Eastern Africa,Sub-Saharan Africa,232,ER,ERI,ERI,Eritrea,2019,1.30891,,,,,,,,,,Sub-Saharan Africa,Low income,
ES,ESP,Spain,Spain,Sp.,Sovereign country,Europe,Europe,Southern Europe,Europe & Central Asia,724,ES,ESP,ESP,Spain,2019,90.7187,1.23884447747017,66.7761646309525,1393490524517.64,1986413316673.13,,0.594469675339612,47076781,19.435,80.565,Europe & Central Asia,High income,EU
ET,ETH,Ethiopia,Ethiopia,Eth.,Sovereign country,Africa,Africa,Eastern Africa,Sub-Saharan Africa,231,ET,ETH,ETH,Ethiopia,2019,18.6181,0.601169492105336,28.8153010070423,95912590628.1412,259989856897.58,,2.57956334803926,112078730,78.775,21.225,Sub-Saharan Africa,Low income,
FI,FIN,Finland,Finland,Fin.,Country,Europe,Europe,Northern Europe,Europe & Central Asia,246,FI,FIN,FIN,Finland,2019,89.6074,1.48149076313272,80.0412377990988,269296310180.392,283887778909.394,,0.0867899631484352,5520314,14.554,85.446,Europe & Central Asia,High income,EU
FJ,FJI,Fiji,Fiji,Fiji,Sovereign country,Oceania,Oceania,Melanesia,East Asia & Pacific,242,FJ,FJI,FJI,Fiji,2019,49.9664,1.61953070470928,,5496250694.31587,12717393218.7941,,0.729660242086809,889953,43.25,56.75,East Asia & Pacific,Upper middle income,
FK,FLK,Falkland Is.,Falkland Islands,Flk. Is.,Dependency,South America,Americas,South America,Latin America & Caribbean,238,-99,-99,,,,,,,,,,,,,,,,
FM,FSM,Micronesia,Federated States of Micronesia,F.S.M.,Sovereign country,Oceania,Oceania,Micronesia,East Asia & Pacific,583,FM,FSM,FSM,"Micronesia, Fed. Sts.",2019,35.3041,,,,,,1.03774307896197,113815,77.188,22.812,East Asia & Pacific,Lower middle income,
FO,FRO,Faeroe Is.,Faeroe Islands,Faeroe Is.,Dependency,Europe,Europe,Northern Europe,Europe & Central Asia,234,FO,FRO,FRO,Faroe Islands,2019,97.582,,,,,,0.372524228078936,48678,57.775,42.225,Europe & Central Asia,High income,
FR,FRA,France,France,Fr.,Country,Europe,Europe,Western Europe,Europe & Central Asia,250,FR,FRA,FRA,France,2019,83.3397,1.85722004091871,64.5227290341624,2715518274227.45,3315117580574.84,,0.140234217742883,67059887,19.291,80.709,Europe & Central Asia,High income,EU
GA,GAB,Gabon,Gabon,Gabon,Sovereign country,Africa,Africa,Middle Africa,Sub-Saharan Africa,266,GA,GAB,GAB,Gabon,2019,62,1.59301497980048,72.2497973586532,16874450215.1351,33917539948.0722,,2.48408920696695,2172579,10.259,89.741,Sub-Saharan Africa,Upper middle income,
GB,GBR,United Kingdom,United Kingdom,U.K.,Country,Europe,Europe,Northern Europe,Europe & Central Asia,826,GB,GBR,GBR,United Kingdom,2019,92.5166,1.743458811382,64.2877735623301,2829108219165.8,3254710769067.94,,0.561255390388033,66834405,16.348,83.652,Europe & Central Asia,High income,EU
GD,GRD,Grenada,Grenada,Gren.,Sovereign country,North America,Americas,Caribbean,Latin America & Caribbean,308,GD,GRD,GRD,Grenada,2019,59.0717,,110.199074229876,1210603703.7037,1992859146.8027,,0.491370692894964,112003,63.604,36.396,Latin America & Caribbean,Upper middle income,
GE,GEO,Georgia,Georgia,Geo.,Sovereign country,Asia,Asia,Western Asia,Europe & Central Asia,268,GE,GEO,GEO,Georgia,2019,68.8467,1.9899664867402,118.646804645511,17477255545.6705,58245087399.129,21.9699993133545,-0.165625313562404,3720382,40.961,59.039,Europe & Central Asia,Upper middle income,
GG,GGY,Guernsey,Guernsey,Guern.,Country,Europe,Europe,Northern Europe,Europe & Central Asia,831,JG,CHI,,,,,,,,,,,,,,,,
GH,GHA,Ghana,Ghana,Ghana,Sovereign country,Africa,Africa,Western Africa,Sub-Saharan Africa,288,GH,GHA,GHA,Ghana,2019,39,0.441936077881951,71.378190816446,66983634223.943,171926303272.099,,2.16257788677108,30417856,43.293,56.707,Sub-Saharan Africa,Lower middle income,
GL,GRL,Greenland,Greenland,Grlnd.,Country,North America,Americas,Northern America,Europe & Central Asia,304,GL,GRL,GRL,Greenland,2019,69.4825,,,,,,0.359917714454119,56225,12.948,87.052,Europe & Central Asia,High income,
GM,GMB,Gambia,The Gambia,Gambia,Sovereign country,Africa,Africa,Western Africa,Sub-Saharan Africa,270,GM,GMB,GMB,"Gambia, The",2019,19.8365,0.824343185875422,55.5386924434596,1826073739.82522,5449583787.42114,,2.92185023710734,2347706,38.069,61.931,Sub-Saharan Africa,Low income,
GN,GIN,Guinea,Guinea,Gin.,Sovereign country,Africa,Africa,Western Africa,Sub-Saharan Africa,324,GN,GIN,GIN,Guinea,2019,18,2.02917402570411,76.2009550336815,12296665331.192,34168977885.4674,,2.83457538168629,12771246,63.5,36.5,Sub-Saharan Africa,Low income,
GQ,GNQ,Eq. Guinea,Equatorial Guinea,Eq. G.,Sovereign country,Africa,Africa,Middle Africa,Sub-Saharan Africa,226,GQ,GNQ,GNQ,Equatorial Guinea,2019,26.24,,107.381315031531,11026774945.3415,26277981473.6438,,3.528524074108,1355986,27.373,72.627,Sub-Saharan Africa,Upper middle income,
GR,GRC,Greece,Greece,Greece,Sovereign country,Europe,Europe,Southern Europe,Europe & Central Asia,300,GR,GRC,GRC,Greece,2019,75.6712,2.57197233561943,74.3844668935414,209852761132.839,329229021719.619,,-0.154411355221523,10716322,20.612,79.388,Europe & Central Asia,High income,EU
GS,SGS,S. Geo. and the Is.,South Georgia and the Islands,S.G. & Is.,Dependency,Seven seas (open ocean),Seven seas (open ocean),Seven seas (open ocean),Antarctica,-099,-99,-99,,,,,,,,,,,,,,,,
GT,GTM,Guatemala,Guatemala,Guat.,Sovereign country,North America,Americas,Central America,Latin America & Caribbean,320,GT,GTM,GTM,Guatemala,2019,65,0.418531309291634,45.8655965413655,76710355347.0968,149763230426.514,,1.56038604781094,16604026,48.561,51.439,Latin America & Caribbean,Upper middle income,
GU,GUM,Guam,Guam,Guam,Dependency,Oceania,Oceania,Micronesia,East Asia & Pacific,316,GU,GUM,GUM,Guam,2019,80.5055,,,,,,0.916352317700628,167294,5.14100000000001,94.859,East Asia & Pacific,High income,
GW,GNB,Guinea-Bissau,Guinea-Bissau,GnB.,Sovereign country,Africa,Africa,Western Africa,Sub-Saharan Africa,624,GW,GNB,GNB,Guinea-Bissau,2019,3.93051,,57.0085558449435,1339449165.48759,3990526569.16647,,2.45652209459577,1920922,56.223,43.777,Sub-Saharan Africa,Low income,
GY,GUY,Guyana,Guyana,Guy.,Sovereign country,South America,Americas,South America,Latin America & Caribbean,328,GY,GUY,GUY,Guyana,2019,37.3258,1.65096871526441,,5173759527.57794,10693585695.61,,0.481762010560315,782766,73.311,26.689,Latin America & Caribbean,Upper middle income,
HK,HKG,Hong Kong,Hong Kong,H.K.,Country,Asia,Asia,Eastern Asia,East Asia & Pacific,344,HK,HKG,HKG,"Hong Kong SAR, China",2019,91.7434,,353.225535728182,365711532816.907,469182169655.82,,0.754094920172569,7507400,0,100,East Asia & Pacific,High income,
HM,HMD,Heard I. and McDonald Is.,Heard I. and McDonald Islands,H.M.Is.,Dependency,Seven seas (open ocean),Seven seas (open ocean),Seven seas (open ocean),Sub-Saharan Africa,-099,-99,-99,,,,,,,,,,,,,,,,
HN,HND,Honduras,Honduras,Hond.,Sovereign country,North America,Americas,Central America,Latin America & Caribbean,340,HN,HND,HND,Honduras,2019,31.7,1.62964671487614,96.6133512614005,25095395475.0393,58295920223.6395,,1.64064879291134,9746117,42.27,57.73,Latin America & Caribbean,Lower middle income,
HR,HRV,Croatia,Croatia,Cro.,Sovereign country,Europe,Europe,Southern Europe,Europe & Central Asia,191,HR,HRV,HRV,Croatia,2019,79.0798,1.66780290244835,104.170991548139,60752588976.3175,122597875941.518,,-0.49888869647906,4067500,42.758,57.242,Europe & Central Asia,High income,EU
HT,HTI,Haiti,Haiti,Haiti,Sovereign country,North America,Americas,Caribbean,Latin America & Caribbean,332,HT,HTI,HTI,Haiti,2019,32.4736,0.00128727537280416,47.3545792912647,14332163266.3977,34172312014.8486,,1.24989940326034,11263077,43.808,56.192,Latin America & Caribbean,Low income,
HU,HUN,Hungary,Hungary,Hun.,Sovereign country,Europe,Europe,Eastern Europe,Europe & Central Asia,348,HU,HUN,HUN,Hungary,2019,80.3717,1.22083124174441,161.257730157012,163469042867.956,337132453352.188,,-0.0574556437016089,9769949,28.356,71.644,Europe & Central Asia,High income,EU
ID,IDN,Indonesia,Indonesia,Indo.,Sovereign country,Asia,Asia,South-Eastern Asia,East Asia & Pacific,360,ID,IDN,IDN,Indonesia,2019,47.6906,0.674409306193166,37.3033978584678,1119190780752.8,3338143991973.09,74.6699981689453,1.10058458685211,270625568,44.015,55.985,East Asia & Pacific,Upper middle income,
IE,IRL,Ireland,Ireland,Ire.,Sovereign country,Europe,Europe,Northern Europe,Europe & Central Asia,372,IE,IRL,IRL,Ireland,2019,84.5223,0.289905561147425,239.215091683884,388698711348.156,436037470943.629,,1.51149403751316,4941444,36.595,63.405,Europe & Central Asia,High income,EU
IL,ISR,Israel,Israel,Isr.,Country,Asia,Asia,Western Asia,Middle East & North Africa,376,IL,ISR,ISR,Israel,2019,86.7879,5.25765124944827,56.7662163851202,394652210295.849,381561714193.646,,1.90125095125148,9053300,7.499,92.501,Middle East & North Africa,High income,
IM,IMN,Isle of Man,Isle of Man,IoMan,Country,Europe,Europe,Northern Europe,Europe & Central Asia,833,IM,IMY,IMN,Isle of Man,2019,,,,,,,0.601207780255882,84584,47.265,52.735,Europe & Central Asia,High income,
IN,IND,India,India,India,Sovereign country,Asia,Asia,Southern Asia,South Asia,356,IN,IND,IND,India,2019,34.45,2.39524637862075,39.5500608168754,2868929415617.02,9560219601244.47,,1.01510602753472,1366417754,65.528,34.472,South Asia,Lower middle income,
IO,IOT,Br. Indian Ocean Ter.,British Indian Ocean Territory,I.O.T.,Dependency,Seven seas (open ocean),Seven seas (open ocean),Seven seas (open ocean),Sub-Saharan Africa,-099,-99,-99,,,,,,,,,,,,,,,,
IQ,IRQ,Iraq,Iraq,Iraq,Sovereign country,Asia,Asia,Western Asia,Middle East & North Africa,368,IQ,IRQ,IRQ,Iraq,2019,49.36,3.46870327675224,77.3477768565499,234094042938.917,446664936199.296,,2.25413421903288,39309783,29.322,70.678,Middle East & North Africa,Upper middle income,
IR,IRN,Iran,Iran,Iran,Sovereign country,Asia,Asia,Southern Asia,Middle East & North Africa,364,IR,IRN,IRN,"Iran, Islamic Rep.",2019,70.0046,2.31211869651981,56.1730621052694,,1072696667247.19,,1.35222602321056,82913906,24.609,75.391,Middle East & North Africa,Upper middle income,
IS,ISL,Iceland,Iceland,Iceland,Sovereign country,Europe,Europe,Northern Europe,Europe & Central Asia,352,IS,ISL,ISL,Iceland,2019,99.011,0,85.9166662208067,24188038473.5438,21700956445.6173,,2.40672425296975,361313,6.145,93.855,Europe & Central Asia,High income,
IT,ITA,Italy,Italy,Italy,Sovereign country,Europe,Europe,Southern Europe,Europe & Central Asia,380,IT,ITA,ITA,Italy,2019,74.387200000000007,1.35140677952185,59.9562954987493,2003576145498.04,2668050571923.07,,-0.206038624053582,60297396,29.264,70.736,Europe & Central Asia,High income,EU
JE,JEY,Jersey,Jersey,Jey.,Country,Europe,Europe,Northern Europe,Europe & Central Asia,832,JG,CHI,,,,,,,,,,,,,,,,
JM,JAM,Jamaica,Jamaica,Jam.,Sovereign country,North America,Americas,Caribbean,Latin America & Caribbean,388,JM,JAM,JAM,Jamaica,2019,55.0721,1.60471496535028,89.0263817377729,16458071067.8176,30053192134.4701,,0.456356197137556,2948279,44.015,55.985,Latin America & Caribbean,Upper middle income,
JO,JOR,Jordan,Jordan,Jord.,Sovereign country,Asia,Asia,Western Asia,Middle East & North Africa,400,JO,JOR,JOR,Jordan,2019,66.7903,4.68053695948668,86.3425375662982,44502895861.6837,106240192951.32,,1.4526643189474,10101694,8.797,91.203,Middle East & North Africa,Upper middle income,
JP,JPN,Japan,Japan,Japan,Sovereign country,Asia,Asia,Eastern Asia,East Asia & Pacific,392,JP,JPN,JPN,Japan,2019,84.5881,0.93060218321466,,5081769542379.77,5459154895599.42,,-0.208999472902293,126264931,8.30200000000001,91.698,East Asia & Pacific,High income,
KE,KEN,Kenya,Kenya,Ken.,Sovereign country,Africa,Africa,Eastern Africa,Sub-Saharan Africa,404,KE,KEN,KEN,Kenya,2019,22.5651,1.1559413296704,33.4014430678127,95503088538.092,237712122820.793,,2.27190164034829,52573973,72.493,27.507,Sub-Saharan Africa,Lower middle income,
KG,KGZ,Kyrgyzstan,Kyrgyzstan,Kgz.,Sovereign country,Asia,Asia,Central Asia,Europe & Central Asia,417,KG,KGZ,KGZ,Kyrgyz Republic,2019,38,1.50540811623398,103.084998637386,8454619607.81795,35419714489.9304,,2.09871784350026,6456900,63.409,36.591,Europe & Central Asia,Lower middle income,
KH,KHM,Cambodia,Cambodia,Camb.,Sovereign country,Asia,Asia,South-Eastern Asia,East Asia & Pacific,116,KH,KHM,KHM,Cambodia,2019,40,2.26476544534521,123.55652376833,27089389786.979,75558093198.3549,,1.44639338013252,16486542,76.195,23.805,East Asia & Pacific,Lower middle income,
KI,KIR,Kiribati,Kiribati,Kir.,Sovereign country,Oceania,Oceania,Micronesia,East Asia & Pacific,296,KI,KIR,KIR,Kiribati,2019,14.5818,,,194647201.946472,279014514.020318,,1.50696995827,117606,45.165,54.835,East Asia & Pacific,Lower middle income,
KM,COM,Comoros,Comoros,Com.,Sovereign country,Africa,Africa,Eastern Africa,Sub-Saharan Africa,174,KM,COM,COM,Comoros,2019,8.47817,,42.0756671946428,1165839927.06327,2718496318.03787,,2.20587743735692,850886,70.836,29.164,Sub-Saharan Africa,Lower middle income,
KN,KNA,St. Kitts and Nevis,Saint Kitts and Nevis,St.K.N.,Sovereign country,North America,Americas,Caribbean,Latin America & Caribbean,659,KN,KNA,KNA,St. Kitts and Nevis,2019,80.7102,,,1053244444.44444,1458648204.24515,,0.752340352327407,52834,69.201,30.799,Latin America & Caribbean,High income,
KP,PRK,North Korea,Dem. Rep. Korea,N.K.,Sovereign country,Asia,Asia,Eastern Asia,East Asia & Pacific,408,KP,PRK,PRK,"Korea, Dem. People’s Rep.",2019,0,,,,,,0.454319921690691,25666161,37.866,62.134,East Asia & Pacific,Low income,
KR,KOR,South Korea,Republic of Korea,S.K.,Sovereign country,Asia,Asia,Eastern Asia,East Asia & Pacific,410,KR,KOR,KOR,"Korea, Rep.",2019,96.1576,2.67358547392568,76.9964293082181,1646739219509.89,2230886624366.34,,0.198353208370259,51709098,18.57,81.43,East Asia & Pacific,High income,
KW,KWT,Kuwait,Kuwait,Kwt.,Sovereign country,Asia,Asia,Western Asia,Middle East & North Africa,414,KW,KWT,KWT,Kuwait,2019,99.5427,5.61550103910841,,134628542746.97,219019576942.525,,1.67232318324502,4207083,0,100,Middle East & North Africa,High income,
KY,CYM,Cayman Is.,Cayman Islands,Cym. Is.,Dependency,North America,Americas,Caribbean,Latin America & Caribbean,136,KY,CYM,CYM,Cayman Islands,2019,81.0677,,,,,,1.19888054809676,64948,0,100,Latin America & Caribbean,High income,
KZ,KAZ,Kazakhstan,Kazakhstan,Kaz.,Sovereign country,Asia,Asia,Central Asia,Europe & Central Asia,398,KZ,KAZ,KAZ,Kazakhstan,2019,81.8776,1.05635236728267,63.8975682876009,181665908556.499,509458114034.691,,1.29074221770545,18513930,42.46,57.54,Europe & Central Asia,Upper middle income,
LA,LAO,Laos,Lao PDR,Laos,Sovereign country,Asia,Asia,South-Eastern Asia,East Asia & Pacific,418,LA,LAO,LAO,Lao PDR,2019,25.5104,,,18173839147.4011,58593991911.7089,,1.5171155747641,7169455,64.355,35.645,East Asia & Pacific,Lower middle income,
LB,LBN,Lebanon,Lebanon,Leb.,Sovereign country,Asia,Asia,Western Asia,Middle East & North Africa,422,LB,LBN,LBN,Lebanon,2019,78.1808,4.24221838501955,96.0410275388329,51991634491.6345,104176190349.281,,0.0990613623664896,6855713,11.242,88.758,Middle East & North Africa,Upper middle income,
LC,LCA,Saint Lucia,Saint Lucia,S.L.,Sovereign country,North America,Americas,Caribbean,Latin America & Caribbean,662,LC,LCA,LCA,St. Lucia,2019,50.8152,,,2122450629.62963,2948844049.65758,26.2299995422363,0.494134202023454,182790,81.246,18.754,Latin America & Caribbean,Upper middle income,
LI,LIE,Liechtenstein,Liechtenstein,Liech.,Sovereign country,Europe,Europe,Western Europe,Europe & Central Asia,438,LI,LIE,LIE,Liechtenstein,2019,98.1,,,,,,0.287110523979341,38019,85.629,14.371,Europe & Central Asia,High income,
LK,LKA,Sri Lanka,Sri Lanka,Sri L.,Sovereign country,Asia,Asia,Southern Asia,South Asia,144,LK,LKA,LKA,Sri Lanka,2019,34.1133,1.94187122045546,52.3708635777425,84008783756.068,297760017947.475,,0.611875945764341,21803000,81.415,18.585,South Asia,Lower middle income,
LR,LBR,Liberia,Liberia,Liberia,Sovereign country,Africa,Africa,Western Africa,Sub-Saharan Africa,430,LR,LBR,LBR,Liberia,2019,7.98448,0.516520750324204,127.452275887903,3070518100,7361642884.56022,,2.42719460419122,4937374,48.385,51.615,Sub-Saharan Africa,Low income,
LS,LSO,Lesotho,Lesotho,Les.,Sovereign country,Africa,Africa,Southern Africa,Sub-Saharan Africa,426,LS,LSO,LSO,Lesotho,2019,29,1.54686363496641,139.366101723481,2376328637.26318,6001953371.49932,,0.80956647567982,2125268,71.415,28.585,Sub-Saharan Africa,Lower middle income,
LT,LTU,Lithuania,Lithuania,Lith.,Sovereign country,Europe,Europe,Northern Europe,Europe & Central Asia,440,LT,LTU,LTU,Lithuania,2019,81.5819,2.02672324994177,149.693087967651,54627411860.4705,107298611859.335,,-0.526056405820061,2786844,32.145,67.855,Europe & Central Asia,High income,EU
LU,LUX,Luxembourg,Luxembourg,Lux.,Sovereign country,Europe,Europe,Western Europe,Europe & Central Asia,442,LU,LUX,LUX,Luxembourg,2019,97.0613,0.622177913574756,381.516616449664,71104919108.1411,75188883903.8918,,1.9459080290974,619896,8.777,91.223,Europe & Central Asia,High income,EU
LV,LVA,Latvia,Latvia,Lat.,Sovereign country,Europe,Europe,Northern Europe,Europe & Central Asia,428,LV,LVA,LVA,Latvia,2019,86.1355,2.03174880744944,121.094501082498,34102913582.4235,61574533238.738,,-0.749229473885315,1912789,31.778,68.222,Europe & Central Asia,High income,EU
LY,LBY,Libya,Libya,Libya,Sovereign country,Africa,Africa,Northern Africa,Middle East & North Africa,434,LY,LBY,LBY,Libya,2019,21.7589,,117.473047408956,52091152228.3425,107393199573.684,,1.46977765305762,6777452,19.607,80.393,Middle East & North Africa,Upper middle income,
MA,MAR,Morocco,Morocco,Mor.,Sovereign country,Africa,Africa,Northern Africa,Middle East & North Africa,504,MA,MAR,MAR,Morocco,2019,74.3763,3.09449241316458,87.1416037596532,119700325461.938,291655207460.181,,1.22105092988365,36471769,37.006,62.994,Middle East & North Africa,Lower middle income,
MC,MCO,Monaco,Monaco,Mco.,Sovereign country,Europe,Europe,Western Europe,Europe & Central Asia,492,MC,MCO,MCO,Monaco,2019,97.053,,,,,,0.726376735217096,38964,0,100,Europe & Central Asia,High income,
MD,MDA,Moldova,Moldova,Mda.,Sovereign country,Europe,Europe,Eastern Europe,Europe & Central Asia,498,MD,MDA,MDA,Moldova,2019,76.1245,0.376936994731914,87.3873957306116,11968713370.4969,36215582858.8936,,-1.80522553770811,2657637,57.274,42.726,Europe & Central Asia,Lower middle income,
ME,MNE,Montenegro,Montenegro,Mont.,Sovereign country,Europe,Europe,Southern Europe,Europe & Central Asia,499,ME,MNE,MNE,Montenegro,2019,73.4767,1.64354435084496,108.511987997029,5542577964.98146,14426884467.6777,,-0.0144652208127193,622137,32.85,67.15,Europe & Central Asia,Upper middle income,
MF,MAF,St-Martin,Saint-Martin,St. M.,Dependency,North America,Americas,Caribbean,Latin America & Caribbean,663,MF,MAF,MAF,St. Martin (French part),2019,,,,,,,1.9611076778355,38002,,,Latin America & Caribbean,High income,
MG,MDG,Madagascar,Madagascar,Mad.,Sovereign country,Africa,Africa,Eastern Africa,Sub-Saharan Africa,450,MG,MDG,MDG,Madagascar,2019,9.8,0.613169182245806,59.8817117544283,14114631280.6774,46384673274.8137,,2.65624016241262,26969307,62.139,37.861,Sub-Saharan Africa,Low income,
MH,MHL,Marshall Is.,Marshall Islands,M. Is.,Sovereign country,Oceania,Oceania,Micronesia,East Asia & Pacific,584,MH,MHL,MHL,Marshall Islands,2019,38.7012,,,,,,0.645031416343302,58791,22.583,77.417,East Asia & Pacific,Upper middle income,
MK,MKD,Macedonia,Macedonia,Mkd.,Sovereign country,Europe,Europe,Southern Europe,Europe & Central Asia,807,MK,MKD,MKD,North Macedonia,2019,79.1678,1.24445933346224,138.82722145992,12547040498.9077,36684452116.2383,,0.0240494411584019,2083459,41.792,58.208,Europe & Central Asia,Upper middle income,
ML,MLI,Mali,Mali,Mali,Sovereign country,Africa,Africa,Western Africa,Sub-Saharan Africa,466,ML,MLI,MLI,Mali,2019,13,2.70917035865403,57.952113764353,17279566718.6087,47657571434.9218,,2.99663676010293,19658031,56.864,43.136,Sub-Saharan Africa,Low income,
MM,MMR,Myanmar,Myanmar,Myan.,Sovereign country,Asia,Asia,South-Eastern Asia,East Asia & Pacific,104,MM,MMR,MMR,Myanmar,2019,30.6782,,,76085852617.1371,290208096830.35,79.5599975585938,0.625548337219885,54045420,69.148,30.852,East Asia & Pacific,Lower middle income,
MN,MNG,Mongolia,Mongolia,Mong.,Sovereign country,Asia,Asia,Eastern Asia,East Asia & Pacific,496,MN,MNG,MNG,Mongolia,2019,51.08,0.70320181363242,126.218065621353,13996719329.4097,41481570828.7465,31.4500007629395,1.71875309742159,3225167,31.457,68.543,East Asia & Pacific,Lower middle income,
MO,MAC,Macao,Macao,Mac.,Country,Asia,Asia,Eastern Asia,East Asia & Pacific,446,MO,MAC,MAC,"Macao SAR, China",2019,86.4679,,116.93951733499,53859116535.5306,82906286640.4883,,1.38499683787543,640445,0,100,East Asia & Pacific,High income,
MP,MNP,N. Mariana Is.,Northern Mariana Islands,N.M.I.,Dependency,Oceania,Oceania,Micronesia,East Asia & Pacific,580,MP,MNP,MNP,Northern Mariana Islands,2019,,,,,,,0.585463293020077,57216,8.292,91.708,East Asia & Pacific,High income,
MR,MRT,Mauritania,Mauritania,Mrt.,Sovereign country,Africa,Africa,Western Africa,Sub-Saharan Africa,478,MR,MRT,MRT,Mauritania,2019,20.801,2.81895547123998,93.0357951620475,7600656943.97506,24561215776.111,,2.7412802727648,4525696,45.493,54.507,Sub-Saharan Africa,Lower middle income,
MS,MSR,Montserrat,Montserrat,Monts.,Dependency,North America,Americas,Caribbean,Latin America & Caribbean,500,-99,-99,,,,,,,,,,,,,,,,
MT,MLT,Malta,Malta,Malta,Sovereign country,Europe,Europe,Southern Europe,Middle East & North Africa,470,MT,MLT,MLT,Malta,2019,85.7786,0.564620805336195,273.715493627058,14989415684.1203,23262342599.3877,,3.65143580077893,502653,5.322,94.678,Middle East & North Africa,High income,EU
MU,MUS,Mauritius,Mauritius,Mus.,Sovereign country,Seven seas (open ocean),Africa,Eastern Africa,Sub-Saharan Africa,480,MU,MUS,MUS,Mauritius,2019,63.9999,0.153188085092372,92.1745289928504,14048430518.5561,30228158502.3997,,0.0322400432027594,1265711,59.234,40.766,Sub-Saharan Africa,High income,
MV,MDV,Maldives,Maldives,Mald.,Sovereign country,Seven seas (open ocean),Asia,Southern Asia,South Asia,462,MV,MDV,MDV,Maldives,2019,63.1857,,146.991519564917,5642179170.45898,10829048853.5944,,2.91560605041598,530953,59.762,40.238,South Asia,Upper middle income,
MW,MWI,Malawi,Malawi,Mal.,Sovereign country,Africa,Africa,Eastern Africa,Sub-Saharan Africa,454,MW,MWI,MWI,Malawi,2019,13.7822,0.885396813321633,66.6045095827059,7666704427.00915,20614924168.7028,,2.64037519341292,18628747,82.826,17.174,Sub-Saharan Africa,Low income,
MX,MEX,Mexico,Mexico,Mex.,Sovereign country,North America,Americas,Central America,Latin America & Caribbean,484,MX,MEX,MEX,Mexico,2019,70.0699,0.516843479319623,77.9152934428754,1268870527160.03,2625808892939.09,,1.09136213246927,127575529,19.556,80.444,Latin America & Caribbean,Upper middle income,
MY,MYS,Malaysia,Malaysia,Malay.,Sovereign country,Asia,Asia,South-Eastern Asia,East Asia & Pacific,458,MY,MYS,MYS,Malaysia,2019,84.2132,1.03397877318671,123.000183693894,364681367531.684,946342403168.243,,1.32706064876164,31949777,23.393,76.607,East Asia & Pacific,Upper middle income,
MZ,MOZ,Mozambique,Mozambique,Moz.,Sovereign country,Africa,Africa,Eastern Africa,Sub-Saharan Africa,508,MZ,MOZ,MOZ,Mozambique,2019,10,0.89518162686025,116.547151205313,15291448211.603,40632691531.3012,,2.90713743750143,30366036,63.472,36.528,Sub-Saharan Africa,Low income,
NA,NAM,Namibia,Namibia,Nam.,Sovereign country,Africa,Africa,Southern Africa,Sub-Saharan Africa,516,NA,NAM,NAM,Namibia,2019,51,3.02832946632461,83.4755610558534,12366528259.1844,25104076732.1166,,1.87248088130699,2494530,48.958,51.042,Sub-Saharan Africa,Upper middle income,
NC,NCL,New Caledonia,New Caledonia,New C.,Dependency,Oceania,Oceania,Melanesia,East Asia & Pacific,540,NC,NCL,NCL,New Caledonia,2019,82.0058,,,,,,1.30803110002856,287800,28.896,71.104,East Asia & Pacific,High income,
NE,NER,Niger,Niger,Niger,Sovereign country,Africa,Africa,Western Africa,Sub-Saharan Africa,562,NE,NER,NER,Niger,2019,5.25049,1.83998401549656,37.7939168794606,12911689659.351,29807368320.747,,3.79366815330185,23310715,83.483,16.517,Sub-Saharan Africa,Low income,
NF,NFK,Norfolk Island,Norfolk Island,Nfk. I.,Dependency,Oceania,Oceania,Australia and New Zealand,East Asia & Pacific,574,-99,-99,,,,,,,,,,,,,,,,
NG,NGA,Nigeria,Nigeria,Nigeria,Sovereign country,Africa,Africa,Western Africa,Sub-Saharan Africa,566,NG,NGA,NGA,Nigeria,2019,42,0.460792414766158,34.0238778317108,448120428858.769,1077719232146.02,,2.5648418857943,200963599,48.843,51.157,Sub-Saharan Africa,Lower middle income,
NI,NIC,Nicaragua,Nicaragua,Nic.,Sovereign country,North America,Americas,Central America,Latin America & Caribbean,558,NI,NIC,NIC,Nicaragua,2019,27.863,0.654937274656022,95.0758836210015,12520915291.1837,36958519013.4192,,1.22957367676273,6545502,41.24,58.76,Latin America & Caribbean,Lower middle income,
NL,NLD,Netherlands,Netherlands,Neth.,Country,Europe,Europe,Western Europe,Europe & Central Asia,528,NL,NLD,NLD,Netherlands,2019,93.2886,1.34065168147761,156.224459948633,907050863145.097,1032244626001.83,,0.585724460318329,17332850,8.124,91.876,Europe & Central Asia,High income,EU
NO,NOR,Norway,Norway,Nor.,Sovereign country,Europe,Europe,Northern Europe,Europe & Central Asia,-99,-99,-99,NOR,Norway,2019,98,1.68412019139258,72.1464996506412,403336363636.364,357409883994.042,,0.675061373245644,5347896,17.384,82.616,Europe & Central Asia,High income,
NP,NPL,Nepal,Nepal,Nepal,Sovereign country,Asia,Asia,Southern Asia,South Asia,524,NP,NPL,NPL,Nepal,2019,34,1.56308145030184,54.9259211369837,30641380603.9699,102075675266.473,,1.83733707688441,28608710,79.847,20.153,South Asia,Lower middle income,
NR,NRU,Nauru,Nauru,Nauru,Sovereign country,Oceania,Oceania,Micronesia,East Asia & Pacific,520,-99,-99,NRU,Nauru,2019,57,,99.2135511191773,118223430.124446,152170931.825306,,-0.972916513578618,12581,0,100,East Asia & Pacific,High income,
NU,NIU,Niue,Niue,Niue,Dependency,Oceania,Oceania,Polynesia,East Asia & Pacific,570,-99,-99,,,,,,,,,,,,,,,,
NZ,NZL,New Zealand,New Zealand,N.Z.,Country,Oceania,Oceania,Australia and New Zealand,East Asia & Pacific,554,NZ,NZL,NZL,New Zealand,2019,90.8111,1.49886240117743,,206928765543.935,216114680622.393,,1.55772774722449,4917000,13.385,86.615,East Asia & Pacific,High income,
OM,OMN,Oman,Oman,Oman,Sovereign country,Asia,Asia,Western Asia,Middle East & North Africa,512,OM,OMN,OMN,Oman,2019,92.4084,8.76127575893143,106.749152781738,76331518668.5771,141824295073.027,,2.96831339383564,4974986,14.557,85.443,Middle East & North Africa,High income,
PA,PAN,Panama,Panama,Pan.,Sovereign country,North America,Americas,Central America,Latin America & Caribbean,591,PA,PAN,PAN,Panama,2019,63.6284,0,83.2096322199734,66800800000,139499000472.05,46.7099990844727,1.65178689075561,4246439,31.941,68.059,Latin America & Caribbean,High income,
PE,PER,Peru,Peru,Peru,Sovereign country,South America,Americas,South America,Latin America & Caribbean,604,PE,PER,PER,Peru,2019,59.9505,1.16697807536283,47.1218925844715,226848050819.525,436174432412.672,60.2999992370605,1.61615719697585,32510453,21.901,78.099,Latin America & Caribbean,Upper middle income,
PF,PYF,Fr. Polynesia,French Polynesia,Fr. Poly.,Dependency,Oceania,Oceania,Polynesia,East Asia & Pacific,258,PF,PYF,PYF,French Polynesia,2019,72.7039,,,,,,0.577415665471892,279287,38.103,61.897,East Asia & Pacific,High income,
PG,PNG,Papua New Guinea,Papua New Guinea,P.N.G.,Sovereign country,Oceania,Oceania,Melanesia,East Asia & Pacific,598,PG,PNG,PNG,Papua New Guinea,2019,11.2092,0.372887893379971,,24829107011.0701,39909915284.9113,,1.95367908220702,8776109,86.75,13.25,East Asia & Pacific,Lower middle income,
PH,PHL,Philippines,Philippines,Phil.,Sovereign country,Asia,Asia,South-Eastern Asia,East Asia & Pacific,608,PH,PHL,PHL,Philippines,2019,43.0266,0.958761784880698,68.6069060624368,376795508678.853,1005742409808.28,,1.36399467911631,108116615,52.851,47.149,East Asia & Pacific,Lower middle income,
PK,PAK,Pakistan,Pakistan,Pak.,Sovereign country,Asia,Asia,Southern Asia,South Asia,586,PK,PAK,PAK,Pakistan,2019,17.0709,3.9769507123183,30.4382082628105,278221906022.841,1060747879309.42,,2.02921486315548,216565318,63.093,36.907,South Asia,Lower middle income,
PL,POL,Poland,Poland,Pol.,Sovereign country,Europe,Europe,Eastern Europe,Europe & Central Asia,616,PL,POL,POL,Poland,2019,84.5165,2.02269327302119,106.363796903317,595858207011.512,1307381206414.45,,-0.0102073030655774,37970874,39.963,60.037,Europe & Central Asia,High income,EU
PM,SPM,St. Pierre and Miquelon,Saint Pierre and Miquelon,St. P.M.,Dependency,North America,Americas,Northern America,North America,666,-99,-99,,,,,,,,,,,,,,,,
PN,PCN,Pitcairn Is.,Pitcairn Islands,Pit. Is.,Dependency,Oceania,Oceania,Polynesia,East Asia & Pacific,612,-99,-99,,,,,,,,,,,,,,,,
PR,PRI,Puerto Rico,Puerto Rico,P.R.,Dependency,North America,Americas,Caribbean,Latin America & Caribbean,630,PR,PRI,PRI,Puerto Rico,2019,70.8743,,,104988600000,115117035256.193,,0.0106465459574109,3193694,6.42400000000001,93.576,Latin America & Caribbean,High income,
PS,PSE,Palestine,Palestine,Pal.,Disputed,Asia,Asia,Western Asia,Middle East & North Africa,275,GZ,WBG,PSE,West Bank and Gaza,2019,70.6226,,69.2051563132009,,30432042950.9903,50.6100006103516,2.51178246264674,4685306,23.56,76.44,Middle East & North Africa,Lower middle income,
PT,PRT,Portugal,Portugal,Port.,Sovereign country,Europe,Europe,Southern Europe,Europe & Central Asia,620,PT,PRT,PRT,Portugal,2019,75.3464,1.93666259574922,86.7823274210182,238785085030.988,376264655815.668,,-0.140172576776066,10269417,34.236,65.764,Europe & Central Asia,High income,EU
PW,PLW,Palau,Palau,Palau,Sovereign country,Oceania,Oceania,Micronesia,East Asia & Pacific,585,PW,PLW,PLW,Palau,2019,,,,268354919.433594,330579975.820638,,0.562440574980858,18008,19.53,80.47,East Asia & Pacific,High income,
PY,PRY,Paraguay,Paraguay,Para.,Sovereign country,South America,Americas,South America,Latin America & Caribbean,600,PY,PRY,PRY,Paraguay,2019,68.5176,0.986209173340546,69.1576013472339,38145288939.8488,93316501354.1162,63.3600006103516,1.26516727108041,7044636,38.121,61.879,Latin America & Caribbean,Upper middle income,
QA,QAT,Qatar,Qatar,Qatar,Sovereign country,Asia,Asia,Western Asia,Middle East & North Africa,634,QA,QAT,QAT,Qatar,2019,99.6528,,90.3196917644625,175837550996.185,266295288558.692,,1.79528505056432,2832067,0.811999999999998,99.188,Middle East & North Africa,High income,
RO,ROU,Romania,Romania,Rom.,Sovereign country,Europe,Europe,Eastern Europe,Europe & Central Asia,642,RO,ROM,ROU,Romania,2019,73.6575,2.03710977605495,84.5598692285511,250077444017.084,625164173840.483,,-0.597497124413531,19356544,45.916,54.084,Europe & Central Asia,High income,EU
RS,SRB,Serbia,Serbia,Serb.,Sovereign country,Europe,Europe,Southern Europe,Europe & Central Asia,688,YF,SRB,SRB,Serbia,2019,77.4168,2.22024741791864,112.082066034767,51475016532.1293,132047326686.099,13.1700000762939,-0.540353661727366,6944975,43.74,56.26,Europe & Central Asia,Upper middle income,
RU,RUS,Russia,Russian Federation,Rus.,Sovereign country,Europe,Europe,Eastern Europe,Europe & Central Asia,643,RU,RUS,RUS,Russian Federation,2019,82.6422,3.87858830283894,49.074069867083,1699876578871.35,4281807133724.04,,-0.0722343781903799,144373535,25.413,74.587,Europe & Central Asia,Upper middle income,
RW,RWA,Rwanda,Rwanda,Rwa.,Sovereign country,Africa,Africa,Eastern Africa,Sub-Saharan Africa,646,RW,RWA,RWA,Rwanda,2019,21.7676,1.18602780884773,57.9471787220262,10354417725.1555,29362809494.8803,68.9000015258789,2.60765264493972,12626950,82.687,17.313,Sub-Saharan Africa,Low income,
SA,SAU,Saudi Arabia,Saudi Arabia,Saud.,Sovereign country,Asia,Asia,Western Asia,Middle East & North Africa,682,SA,SAU,SAU,Saudi Arabia,2019,95.7247,7.97983299309491,63.6597579433035,792966838161.659,1680540365363.9,,1.67311172870933,34268528,15.935,84.065,Middle East & North Africa,High income,
SB,SLB,Solomon Is.,Solomon Islands,S. Is.,Sovereign country,Oceania,Oceania,Melanesia,East Asia & Pacific,090,SB,SLB,SLB,Solomon Islands,2019,11.9242,,,1589913622.23799,1862535119.98378,,2.56538506367278,669823,75.79,24.21,East Asia & Pacific,Lower middle income,
SC,SYC,Seychelles,Seychelles,Syc.,Sovereign country,Seven seas (open ocean),Africa,Eastern Africa,Sub-Saharan Africa,690,SC,SYC,SYC,Seychelles,2019,58.7698,1.33229195732995,172.259536765041,1703387387.32319,2979190617.74441,14.0200004577637,0.887925293341637,97625,42.881,57.119,Sub-Saharan Africa,High income,
SD,SDN,Sudan,Sudan,Sudan,Sovereign country,Africa,Africa,Northern Africa,Sub-Saharan Africa,729,SD,SDN,SDN,Sudan,2019,30.8703,1.64795723277984,16.6685272635245,30513456084.7961,175727350867.255,,2.39143403307158,42813238,65.064,34.936,Sub-Saharan Africa,Low income,
SE,SWE,Sweden,Sweden,Swe.,Sovereign country,Europe,Europe,Northern Europe,Europe & Central Asia,752,SE,SWE,SWE,Sweden,2019,94.4934,1.12059853885115,90.484885840975,530883869004.977,574132658393.191,,1.07758038117856,10285453,12.292,87.708,Europe & Central Asia,High income,EU
SG,SGP,Singapore,Singapore,Sing.,Sovereign country,Asia,Asia,South-Eastern Asia,East Asia & Pacific,702,SG,SGP,SGP,Singapore,2019,88.9493,3.20759455704953,319.148381585353,372062527488.638,579762512267.435,,1.14428330688929,5703569,0,100,East Asia & Pacific,High income,
SH,SHN,Saint Helena,Saint Helena,St.H.,Dependency,Seven seas (open ocean),Africa,Western Africa,Sub-Saharan Africa,654,-99,-99,,,,,,,,,,,,,,,,
SI,SVN,Slovenia,Slovenia,Slo.,Sovereign country,Europe,Europe,Southern Europe,Europe & Central Asia,705,SI,SVN,SVN,Slovenia,2019,83.1084,1.05353081015686,159.027557774336,54174227308.8862,85571171161.6126,,0.67528080839474,2087946,45.178,54.822,Europe & Central Asia,High income,EU
SK,SVK,Slovakia,Slovakia,Svk.,Sovereign country,Europe,Europe,Eastern Europe,Europe & Central Asia,703,SK,SVK,SVK,Slovak Republic,2019,82.8537,1.75599885699761,184.479249423884,105079673009.733,185803203176.651,,0.13397129785832,5454073,46.271,53.729,Europe & Central Asia,High income,EU
SL,SLE,Sierra Leone,Sierra Leone,S.L.,Sovereign country,Africa,Africa,Western Africa,Sub-Saharan Africa,694,SL,SLE,SLE,Sierra Leone,2019,9,0.734967689713532,53.5178050183571,4121733705.29165,14019367329.8187,,2.10907525200416,7813215,57.516,42.484,Sub-Saharan Africa,Low income,
SM,SMR,San Marino,San Marino,S.M.,Sovereign country,Europe,Europe,Southern Europe,Europe & Central Asia,674,SM,SMR,SMR,San Marino,2019,60.1823,,,,,,0.221745970085152,33860,2.63200000000001,97.368,Europe & Central Asia,High income,
SN,SEN,Senegal,Senegal,Sen.,Sovereign country,Africa,Africa,Western Africa,Sub-Saharan Africa,686,SN,SEN,SEN,Senegal,2019,46,1.45006301698535,60.5064024561698,23578084052.0147,57772245556.4003,,2.74974740844133,16296364,52.347,47.653,Sub-Saharan Africa,Lower middle income,
SO,SOM,Somalia,Somalia,Som.,Sovereign country,Africa,Africa,Eastern Africa,Sub-Saharan Africa,706,SO,SOM,SOM,Somalia,2019,2.00405,,133.989590045869,,,,2.85560211622181,15442905,54.446,45.554,Sub-Saharan Africa,Low income,
SR,SUR,Suriname,Suriname,Sur.,Sovereign country,South America,Americas,South America,Latin America & Caribbean,740,SR,SUR,SUR,Suriname,2019,48.9452,,,3697371949.58434,10032011815.5246,,0.929025561206018,581363,33.905,66.095,Latin America & Caribbean,Upper middle income,
SS,SSD,S. Sudan,South Sudan,S. Sud.,Sovereign country,Africa,Africa,Eastern Africa,Sub-Saharan Africa,728,SS,SSD,SSD,South Sudan,2019,7.97743,3.36234159652322,,,,,0.782224434404954,11062113,80.101,19.899,Sub-Saharan Africa,Low income,
ST,STP,São Tomé and Principe,São Tomé and Principe,S.T.P.,Sovereign country,Africa,Africa,Middle Africa,Sub-Saharan Africa,678,ST,STP,STP,Sao Tome and Principe,2019,29.9312,,,418637388.988052,891455945.820857,,1.89076332349799,215056,26.402,73.598,Sub-Saharan Africa,Lower middle income,
SV,SLV,El Salvador,El Salvador,El. S.,Sovereign country,North America,Americas,Central America,Latin America & Caribbean,222,SV,SLV,SLV,El Salvador,2019,33.8207,1.19488893887581,77.1788766752619,27022640000,59142593412.4147,63.810001373291,0.509683301933842,6453553,27.254,72.746,Latin America & Caribbean,Lower middle income,
SX,SXM,Sint Maarten,Sint Maarten,St. M.,Country,North America,Americas,Caribbean,Latin America & Caribbean,534,SX,SXM,SXM,Sint Maarten (Dutch part),2019,,,,,,,0.194134259307588,40733,0,100,Latin America & Caribbean,High income,
SY,SYR,Syria,Syria,Syria,Sovereign country,Asia,Asia,Western Asia,Middle East & North Africa,760,SY,SYR,SYR,Syrian Arab Republic,2019,34.2534,,,,,,0.964511740097553,17070135,45.179,54.821,Middle East & North Africa,Low income,
SZ,SWZ,eSwatini,eSwatini,eSw.,Sovereign country,Africa,Africa,Southern Africa,Sub-Saharan Africa,748,SZ,SWZ,SWZ,Eswatini,2019,47,1.82325832243618,89.0922606880238,4471598726.6436,10337032575.0281,,1.04530919354082,1148130,76.019,23.981,Sub-Saharan Africa,Lower middle income,
TC,TCA,Turks and Caicos Is.,Turks and Caicos Islands,T.C. Is.,Dependency,North America,Americas,Caribbean,Latin America & Caribbean,796,TC,TCA,TCA,Turks and Caicos Islands,2019,,,,1197415000,1166655326.87141,,1.38686044820971,38191,6.64,93.36,Latin America & Caribbean,High income,
TD,TCD,Chad,Chad,Chad,Sovereign country,Africa,Africa,Middle Africa,Sub-Saharan Africa,148,TD,TCD,TCD,Chad,2019,6.5,2.17578021033377,74.5705255558558,11314951342.7807,26304837163.7321,,2.98593746093303,15946876,76.721,23.279,Sub-Saharan Africa,Low income,
TF,ATF,Fr. S. Antarctic Lands,French Southern and Antarctic Lands,Fr. S.A.L.,Dependency,Seven seas (open ocean),Seven seas (open ocean),Seven seas (open ocean),Sub-Saharan Africa,-099,-99,-99,,,,,,,,,,,,,,,,
TG,TGO,Togo,Togo,Togo,Sovereign country,Africa,Africa,Western Africa,Sub-Saharan Africa,768,TG,TGO,TGO,Togo,2019,12.3602,3.1246316767528,71.6546045136006,5490272413.38702,13475732998.1384,,2.42033520841497,8082366,57.752,42.248,Sub-Saharan Africa,Low income,
TH,THA,Thailand,Thailand,Thai.,Sovereign country,Asia,Asia,South-Eastern Asia,East Asia & Pacific,764,TH,THA,THA,Thailand,2019,66.6524,1.33931860418073,110.394165262148,543548969968.693,1342165126131.37,,0.283426556156345,69625582,49.308,50.692,East Asia & Pacific,Upper middle income,
TJ,TJK,Tajikistan,Tajikistan,Tjk.,Sovereign country,Asia,Asia,Central Asia,Europe & Central Asia,762,TJ,TJK,TJK,Tajikistan,2019,21.96,,,8116626794.25837,32896772530.2478,,2.39054628853621,9321018,72.691,27.309,Europe & Central Asia,Low income,
TL,TLS,Timor-Leste,Timor-Leste,T.L.,Sovereign country,Asia,Asia,South-Eastern Asia,East Asia & Pacific,626,TP,TMP,TLS,Timor-Leste,2019,27.4927,1.04947887300343,83.6889816860875,2017924900,4797227439.90584,,1.96383558319426,1293119,69.053,30.947,East Asia & Pacific,Lower middle income,
TM,TKM,Turkmenistan,Turkmenistan,Turkm.,Sovereign country,Asia,Asia,Central Asia,Europe & Central Asia,795,TM,TKM,TKM,Turkmenistan,2019,21.251,,,,,,1.54638921755068,5942089,47.952,52.048,Europe & Central Asia,Upper middle income,
TN,TUN,Tunisia,Tunisia,Tun.,Sovereign country,Africa,Africa,Northern Africa,Middle East & North Africa,788,TN,TUN,TUN,Tunisia,2019,66.7,2.55607321358028,109.377399095261,38796687568.157,131350067001.886,,1.11364374282179,11694719,30.746,69.254,Middle East & North Africa,Lower middle income,
TO,TON,Tonga,Tonga,Tongo,Sovereign country,Oceania,Oceania,Polynesia,East Asia & Pacific,776,TO,TON,TON,Tonga,2019,41.2487,,87.6092013449047,512350059.421629,696530875.137868,,1.24898706310596,104494,76.893,23.107,East Asia & Pacific,Upper middle income,
TR,TUR,Turkey,Turkey,Tur.,Sovereign country,Asia,Asia,Western Asia,Europe & Central Asia,792,TR,TUR,TUR,Turkey,2019,73.9767,2.71836593306542,62.6828637382741,761425499358.159,2347246251509.51,,1.33926035058318,83429615,24.37,75.63,Europe & Central Asia,Upper middle income,
TT,TTO,Trinidad and Tobago,Trinidad and Tobago,Tr.T.,Sovereign country,North America,Americas,Caribbean,Latin America & Caribbean,780,TT,TTO,TTO,Trinidad and Tobago,2019,77.3261,0.735762956575139,,24269714809.9078,38130448626.3585,,0.367347659660472,1394973,46.813,53.187,Latin America & Caribbean,High income,
TW,TWN,Taiwan,Taiwan,Taiwan,Sovereign country,Asia,Asia,Eastern Asia,East Asia & Pacific,-099,-99,-99,,,,,,,,,,,,,,,,
TZ,TZA,Tanzania,Tanzania,Tanz.,Sovereign country,Africa,Africa,Eastern Africa,Sub-Saharan Africa,834,TZ,TZA,TZA,Tanzania,2019,25,1.31692688467923,,63177068174.549,156413869234.326,,2.95168167328042,58005463,65.5,34.5,Sub-Saharan Africa,Lower middle income,
UA,UKR,Ukraine,Ukraine,Ukr.,Sovereign country,Europe,Europe,Eastern Europe,Europe & Central Asia,804,UA,UKR,UKR,Ukraine,2019,58.8895,3.35616464296438,90.1737901314459,153781069118.148,562213446947.618,,-0.533355282042411,44385155,30.527,69.473,Europe & Central Asia,Lower middle income,
UG,UGA,Uganda,Uganda,Uga.,Sovereign country,Africa,Africa,Eastern Africa,Sub-Saharan Africa,800,UG,UGA,UGA,Uganda,2019,23.7065,2.05010632904299,39.5658874934212,35165157016.9125,101123516709.133,,3.55574052888872,44269594,75.639,24.361,Sub-Saharan Africa,Low income,
US,USA,United States of America,United States,U.S.A.,Country,North America,Americas,Northern America,North America,840,US,USA,USA,United States,2019,87.2661,3.41310666834644,26.3141535483273,21433226000000,21433226000000.1,,0.473953539373292,328239523,17.541,82.459,North America,High income,
UY,URY,Uruguay,Uruguay,Ury.,Sovereign country,South America,Americas,South America,Latin America & Caribbean,858,UY,URY,URY,Uruguay,2019,76.9496,2.0187757611812,41.0301020716761,56045912952.9732,77941611168.2002,23.6499996185303,0.359859761032412,3461734,4.574,95.426,Latin America & Caribbean,High income,
UZ,UZB,Uzbekistan,Uzbekistan,Uzb.,Sovereign country,Asia,Asia,Central Asia,Europe & Central Asia,860,UZ,UZB,UZB,Uzbekistan,2019,52.3051,,73.0168777978818,57921286440.3495,245421341368.981,,1.87736354244626,33580650,49.567,50.433,Europe & Central Asia,Lower middle income,
VA,VAT,Vatican,Vatican,Vat.,Sovereign country,Europe,Europe,Southern Europe,Europe & Central Asia,336,-99,-99,,,,,,,,,,,,,,,,
VC,VCT,St. Vin. and Gren.,Saint Vincent and the Grenadines,St.V.G.,Sovereign country,North America,Americas,Caribbean,Latin America & Caribbean,670,VC,VCT,VCT,St. Vincent and the Grenadines,2019,22.3943,,,824718518.518518,1441824114.50404,,0.343298993403754,110589,47.386,52.614,Latin America & Caribbean,Upper middle income,
VE,VEN,Venezuela,Venezuela,Ven.,Sovereign country,South America,Americas,South America,Latin America & Caribbean,862,VE,VEN,VEN,"Venezuela, RB",2019,72,,,,,,-1.23504114644487,28515829,11.76,88.24,Latin America & Caribbean,Upper middle income,
VG,VGB,British Virgin Is.,British Virgin Islands,V.I. (Br.),Dependency,North America,Americas,Caribbean,Latin America & Caribbean,092,-99,-99,VGB,British Virgin Islands,2019,77.7043,,,,,,0.762137664197041,30030,51.884,48.116,Latin America & Caribbean,High income,
VI,VIR,U.S. Virgin Is.,United States Virgin Islands,V.I. (U.S.),Dependency,North America,Americas,Caribbean,Latin America & Caribbean,850,VI,VIR,VIR,Virgin Islands (U.S.),2019,64.3775,,,,,,-0.323958187523532,106631,4.16800000000001,95.832,Latin America & Caribbean,High income,
VN,VNM,Vietnam,Vietnam,Viet.,Sovereign country,Asia,Asia,South-Eastern Asia,East Asia & Pacific,704,VN,VNM,VNM,Vietnam,2019,68.7,,210.400245273256,261921244843.172,809994333862.167,58.2999992370605,0.960110493934853,96462106,63.372,36.628,East Asia & Pacific,Lower middle income,
VU,VUT,Vanuatu,Vanuatu,Van.,Sovereign country,Oceania,Oceania,Melanesia,East Asia & Pacific,548,VU,VUT,VUT,Vanuatu,2019,25.7198,,,934239973.812573,987374699.192589,,2.43092019311926,299882,74.606,25.394,East Asia & Pacific,Lower middle income,
WF,WLF,Wallis and Futuna Is.,Wallis and Futuna Islands,Wlf.,Dependency,Oceania,Oceania,Polynesia,East Asia & Pacific,876,-99,-99,,,,,,,,,,,,,,,,
WS,WSM,Samoa,Samoa,Samoa,Sovereign country,Oceania,Oceania,Polynesia,East Asia & Pacific,882,WS,WSM,WSM,Samoa,2019,33.6109,,88.8645750184543,852250190.985485,1339408943.63804,,0.491828866926665,197097,81.944,18.056,East Asia & Pacific,Upper middle income,
XK,-99,Kosovo,Kosovo,Kos.,Sovereign country,Europe,Europe,Southern Europe,Europe & Central Asia,-099,KV,KSV,XKX,Kosovo,2019,89.443,0.824280692547029,85.4693578128743,7926133713.61397,21299154809.989,,-0.157991508452547,1794248,,,Europe & Central Asia,Upper middle income,
YE,YEM,Yemen,Yemen,Yem.,Sovereign country,Asia,Asia,Western Asia,Middle East & North Africa,887,RY,YEM,YEM,"Yemen, Rep.",2019,26.7184,,,22581081993.945,,,2.30058011389449,29161922,62.727,37.273,Middle East & North Africa,Low income,
ZA,ZAF,South Africa,South Africa,S.Af.,Sovereign country,Africa,Africa,Southern Africa,Sub-Saharan Africa,710,ZA,ZAF,ZAF,South Africa,2019,56.1674,0.976948136071628,59.2045360593849,351431649241.439,763258133431.533,35.1500015258789,1.33861739063304,58558270,33.144,66.856,Sub-Saharan Africa,Upper middle income,
ZM,ZMB,Zambia,Zambia,Zambia,Sovereign country,Africa,Africa,Eastern Africa,Sub-Saharan Africa,894,ZM,ZMB,ZMB,Zambia,2019,14.3,1.21103908630006,68.7910427393667,23309773922.7582,64728818156.9951,,2.89237292696711,17861030,55.928,44.072,Sub-Saharan Africa,Lower middle income,
ZW,ZWE,Zimbabwe,Zimbabwe,Zimb.,Sovereign country,Africa,Africa,Eastern Africa,Sub-Saharan Africa,716,ZW,ZWE,ZWE,Zimbabwe,2019,27.0555,0.698600973197018,,21440758800,43371768896.5251,79.370002746582,1.41968104561509,14645468,67.79,32.21,Sub-Saharan Africa,Lower middle income,
