2010_wreck_id,name_1,name_2,start_date,end_date,year_found,depth,depth_q,length,width,cargo_1,type_1,cargo_2,type_2,cargo_3,type_3,other_cargo
136,Canarias,,200,300,,,,,,amphoras,similar to RobinsonK109 and Almagro51C,,,,,
244,Cortegada,,1,100,,,,,,amphoras,,ceramic,"terra sigillata plates, native pottery",tiles,,
648,Panxon,,1,300,,,,,,ceramic,small jars with a short neck and one handle,,,,,
99,Cabo de Mar,,1,300,,,,,,amphoras,Beltrán 2B?,,,,,
108,Caen 1,,150,150,,,silted,,,coins,Antoninus Pius,,,,,
105,Cádiz 3,'Pecio del Clavo',1,250,,14,,,,amphoras,Dr20,dolia,,metal,copper nail,
106,Cádiz 4,,-25,25,,12,,,,amphoras,Dr9 Dr12 Beltran2B,metal,lead ingot,,,
107,Cádiz 5,Pecio de las piedras de molino,1,500,,10,,,,stone,"2 mill-stones, 4 squared blocks",amphoras,,ceramic,coarseware,
881,Shiant Islands,,1,500,,0,,,,nothing reported,,,,,,
,W01695-1,,1175,1225,"2001",,,"14",,,,,,,,
850,Sancti Petri,El Pecio del Cobre,50,100,,9,,"27",20,metal,"lead, copper ingots",,,,,
,W01695-2,,1075,1100,"2001",,,,,,,,,,,
,W00818,,1464,1464,,,,,,other,wine,,,,,
,W00816,,1260,1260,,,,,,,,,,,,
,W01901,,1308,1308,,,,,,,,,,,,
,W00817,,1200,1300,,,,,,,,,,,,
,W02438,,1355,1356,,,,,,,,,,,,
752,Puebla del Rio,,1000,1200,,4.4,in alluvium,"10",1.22,nothing reported,,,,,,
789,Ras Achakkar,,1,500,,,,,,amphoras,,,,,,'Roman bushel tap'
70,Barbate,,1,500,,,,,,amphoras,(?),,,,,
347,Gibraltar Strait,,1,100,,400,,,,amphoras,Dr9,,,,,
344,Gibraltar 1,,1,500,,,,,,,,,,,,
345,Gibraltar 2,,1,500,,,,,,,,,,,,
346,Gibraltar 3,,500,1500,,,,,,,,,,,,
,Aber Wrac'h,Finistère,1375,1425,"1985",15,,"20",6,,,,,,,
248,Cueva del Jarro 2,,50,100,,30,,,,amphoras,Dr20 Beltran2B,metal,bronze Roman cuirass,,,
758,Punta de la Mona,,175,250,,80,,,,amphoras,Dr20,,,,,
783,"Puntas, Las",,90,140,,70,,,,amphoras,Dr20,,,,,
693,Ploumanac'h,,100,300,,10,,,,metal,lead ingots,tiles,roof-tiles,stone,sandstone handmill,
245,Courreaux-de-Groix (France),,0,0,,,,,,amphoras,Dr1,,,,,
,Llyn Llangorse,,814,814,"1925",,,"4.6500000000000004",,,,,,,,
200,Casnewydd,,1400,1600,,,silted,"29",8,ceramic,Portugese pottery,coins,Portugese coins,,,"combs, gaming piece; shoes, sail cloth, woolen clothing"
373,Guardias Viejas,,50,125,,14,,,,amphoras,Dr7-11 Dr14 Dr 20,ceramic,conical pots,,,
,Ellesmere,,-500,500,"1864",,silted,"3.35",0.73,,,,,,,
,Kentmere 1,,1300,1300,"1955",,,"4.3",,,,,,,,
339,Gandolfo,,90,110,,10,,,,amphoras,Dr14 Beltran2A Dr17,,,,,
660,Percheles,,1,100,,12,,,,amphoras,Dr7-11,,,,,
,Oakley Park,,1200,1400,"1922",,,,,,,,,,,
816,Runcorn,,80,90,,,,,,metal,lead ingots,,,,,
,Warrington 2,,860,1040,"1971",,silted,,,,,,,,,
804,Roquetas del Mar (Spain),,0,0,,,,,,amphoras,Dr14 Dr38 Dr20 Dr1,,,,,
469,Little Russel 1,,75,200,,12,,,,amphoras,Beltran2B,,,,,
822,Saint Peter port (Guernsey) 2,,0,0,,,shallow,,,ceramic,from LA to 15th c. spread all over the site,,,,,
823,Saint Peter port (Guernsey) 4,,0,0,,,shallow,,,,,,,,,from LA to 15th c. spread all over the site
824,Saint Peter port (Guernsey) 5,,1200,1300,,,shallow,,,,,,,,,from LA to 15th c. spread all over the site
825,Saint Peter port (Guernsey) 6,,1229,1261,,1.5,,,,,,,,,,from LA to 15th c. spread all over the site
470,Little Russel 2,,1,75,,50,,,,amphoras,cf. Dr7-11,,,,,
342,Getaria (Spain),,0,0,,,,,,metal,copper ingots,,,,,
,Hulton Abbey,,1219,1538,"1930",,,"2.25",,,,,,,,
766,Punta Entina,,1,150,,,,,,amphoras,Dr14,,,,,
98,Cabo de Gata,,175,325,,,,,,amphoras,"Afr1 or possibly, Afr2 Almagro50",,,,,
769,Punta Javana,,1,200,,,,,,amphoras,,,,,,
336,Fuenterrabia,,100,150,,,,"25",15,metal,iron ore,ceramic,terra sigillata cup,,,
29,Ancenis,,100,300,,,,,,nothing reported,,,,,,
,Scotswood,,-5,5,"1881",,,,,,,,,,,
851,Sanguinet,,150,150,,6,,"3.73",,nothing reported,,,,,,
199,Cartagena 1,,-50,50,,,,,,metal,lead ingoterra sigillata,ceramic,,,,
303,Escombreras,,,,,,,,,amphoras,Dr1,metal,stamped lead ingots,,,
295,Dunas del Pinatar,,1,250,,,,,,amphoras,Dr20,,,,,
203,Castillo,'El Pecio Castillo',1,100,,,,,,amphoras,Beltran2A,,,,,
301,"Escolletes 1, Los",,200,300,,,,,,amphoras,Almagro51C,ceramic,fine tableware,glass,,
302,"Escolletes 2, Los",,200,400,,,,,,amphoras,Dr38,ceramic,vaulting tubes or amphorisks,,,
305,"Espines, Los",,-25,50,,,,,,amphoras,Dr7-11,,,,,
27,"Amoladeras, Las",,1,500,,,,,,metal,lead objects,amphoras,Dr1A,ceramic,tiles,"millstones, gold phallic pendant"
66,Bajo de la Campana 2,,-100,0,,,,,,amphoras,"Beltran2B; ovoidal amphora; PE 17",,,,,
751,Pudrimel Norte,,50,150,,,,,,amphoras,Dr14 Beltran2B,,,,,
67,Bajo de la Campana 3,,1,300,,,,,,amphoras,"Dr7-11, Dr14, Dr20",,,,,
120,"Cala Reona, Cartagena",,,500,,,,,,amphoras,"small, for salted contents; non specified types",ceramic,terra sigillata Clara D,,,
65,Bajo de la Barra,,-100,100,,,,,,amphoras,"Dr. 1, 7-11; Beltran1; PE-15",ceramic,"unguentaria, coarseware, black glaze, T.S. Italica",,,
401,"Islas Hormigas, Cartagena",,200,400,,,,,,amphoras,fragments of late types,ceramic,terra sigillata Clara D,,,
390,"Hormigas, Las",,425,550,,60,,,,amphoras,Keay35,,,,,
382,Hardham,,245,345,,,,"3.89",,nothing reported,,,,,,
,Hardham 2,,295,295,"1964",,,"3.89",,,,,,,,
84,Bordeaux,,161,161,,15,,,,coins,"4000 bronze, ending 160",ceramic,"South Gaulish and Spanish ts, coarseware",amphoras,,"nails, wood fragments"
588,Nueva Tabarca (Spain),,0,0,,3,,,,amphoras,Dr1 Dr2-4 Afr2B-D Almagro51A Dr20 Dr23,,,,,
819,Sagunt,,-25,75,,,,,,amphoras,Dr7-11,,,,,
475,London (County Hall),,275,300,,,silted,"20",,coins,4 coins ending 296,,,,,
,More London Bridge,,1265,1300,"1999",,,"30",,,,,,,,
476,London (New Guy's House),,200,200,,,,"15",,nothing reported,,,,,,
76,Ben-Afelí,,85,95,,10,,,,amphoras,Dr2-4,ceramic,mortaria (datable),metal,iron bars,"iron bill-hook and chopper, jar, roof-tile"
265,Denia 1,,150,225,,400,,,,amphoras,Dr20,,,,,
266,Denia 2,,0,0,,,,,,amphoras,Dr2-4,,,,,
402,Isle of Wight,,1,100,,,,,,amphoras,Haltern70,,,,,
23,"Almadraba, La",,100,200,,,,,,amphoras,Dr2-4,,,,,
474,London (Blackfriars),,175,225,,,silted,"15",,stone,grinding stone,ceramic,pottery,metal,tools,
994,Valencia,,1,500,,,,,,amphoras,(?),,,,,
,Bou-Ferrer,"Villajoyosa, Alicante",20,80,"2000",25,,,,amphoras,Dressel7-11,,,,,
77,Benicarlo,,1,50,,10,,"30",,amphoras,Haltern70,amphoras,Dr2-4,amphoras,Dr20,
237,Columbretes,,-25,75,,35,,,,amphoras,Dr7-11,,,,,
972,Tours,,1,500,,,,,,ceramic,Gallo-Roman vases,,,,,
25,Ametlla de Mar 1,,-25,75,,30,,,,amphoras,Dr 12 Dr2-4,,,,,
26,Ametlla de Mar 3,,1,300,,,,,,amphoras,Dr20,,,,,
152,Cap Magroua,,1,500,,,,,,amphoras,,,,,,
367,Graveney,,895,944,,,in alluvium,"13.6",4,stone,querns,,,,,grain (hops)
512,Maresquel,,100,200,,,,,,nothing reported,,,,,,
623,Ooze Deep,,65,105,,,,,,ceramic,mortaria,,,,,
546,Mersea,,1,500,,,,,,ceramic,Roman coarseware,,,,,
387,Herne Bay,,55,85,,,,,,ceramic,mortaria,,,,,
750,Pudding-Pan Rock,,175,200,,2,,,,ceramic,terra sigillata vessels,,,,,
842,Salou,,50,200,,,,,,amphoras,Dr20,,,,,
239,Conillera,San Antonio Abad,30,190,,30,,"25",10,amphoras,Beltran4B,ceramic,Dressel 15,metal,ingots,
762,Punta del Milagro,,1,500,,,,,,stone,column drums,,,,,
852,Sant Antoni,,1,50,,,,,,amphoras,Dr9,,,,,
939,Tarragona (Spain),,0,0,,,,,,amphoras,Dr7-11,,,,,
925,Sutton Hoo,,600,700,,,silted,"27",4.5,,,,,,,
797,River Hamble,,1225,1405,,,shallow,"40",,,,,,,,
78,Berà,,50,50,,50,,"12",7,amphoras,Dr2-4 Tarragona type,,,,,
296,Dunwich Bank,,775,892,,,shallow (?),"5",,,,,,,,
,Tardinghen-le-Châtelet,,53,257,"1997",,silted,,,,,,,,,
,EP1-Canche,,1450,1600,"1989",3,.5 +/-,"14",3,,,,,,,
4,Abbeville,,1,500,"1808",,,,,nothing reported,,,,,,
904,"Sorres 2, Les",,-100,200,,,,,,metal,iron blocks,ceramic,coarseware jug,,,
905,"Sorres 3, Les",,25,100,,,,,,amphoras,Dr2-4,dolia,,,,
906,"Sorres 4, Les",,1,500,,5,,,,,,,,,,
907,"Sorres 5, Les",,1,500,,,,,,,,,,,,
908,"Sorres 6, Les",,1,500,,,,,,,,,,,,
217,Cherchel 1,,-25,75,,4,,,,metal,lead ingots,,,,,
218,Cherchel 2,,1,500,,,,,,ceramic,pottery,,,,,
285,Dragonera 1,,200,275,,30,,,,amphoras,Afr2A,,,,,
286,Dragonera 3,,0,0,,4,,,,amphoras,,,,,,
805,"Roquetes, Les",,1300,1600,,,,,,,,,,,,
334,Freu d'en Valento,,-50,25,,42,,,,amphoras,Pascual1,,,,,
536,Mataró-Els Capets (Spain),,75,125,,70,,,,ceramic,S. Gaulish terra sigillata bowl,,,,,
956,"Toro, El",,1,50,,,,,,amphoras,cf Dr9,,,,,
821,Saint Peter Port,The Roman Guernsey Boat,280,290,"1982",8,partially silted,"24.5",6,ceramic,pottery - various types of bowls and flagons. Types comensurate with location of wreck,coins,80 coins,tiles,roof tiles,"decorative pins and fishooks, ropes; cargo was carried in many barrels"
38,Arenys de Mar (Spain),,0,0,,,,,,amphoras,Pascual1,,,,,
141,Cap Blanc,,295,325,,50,,"16",,amphoras,Almagro51C Afr2B-D Beltran72,ceramic,"vaulting tube, plate, jar",,,
72,Barland's farm,,200,300,,,in alluvium,"12",3.2,,,,,,,
485,Magor Pill 2,,1240,1240,,,silted,"17",,,,,,,,
104,Cabrera 5,,-10,25,,42,,"10",10,amphoras,Dr7 Dr9,metal,lead ingots,,,
101,Cabrera 1,,300,325,"1979",22,,,,amphoras,Afr2B-D Almagro51C Beltran72 Almagro50 stamps,ceramic,tiles,,,fish preserves
102,Cabrera 3,,255,255,"1970",22,,,,amphoras,Dr20 Tejarillo1 Dr23 Beltran72 Beltran68 Afr2 Almagro 50 and 51c,coins,closing 253,,,
103,Cabrera 4,,1,15,,,,,,amphoras,Dr7 Dr2-4 stamps,metal,lead ingots,,,
792,"Redona, Na",,1,100,,35,,,,amphoras,Camulodunum186A,metal,"copper, tin ingots",,,
213,Chantenay,,1,500,,,,,,ceramic,Roman fineware,,,,,
235,Colonia de Sant Jordi 3,,250,300,,,,,,amphoras,Afr2B-D,ceramic,large plates with blackened rim,,,
236,Colonia de Sant Jordi 4,,0,0,,,,,,,,,,,,
374,"Guardis 2, Na",,1,25,,3,,,,amphoras,PE25 PE41 Dr2-4 Pascual1,ceramic,"S Gaulish terra sigillata bowls, fine-wall beakers, coarseware",,,oysters
841,"Salines, Ses",Colonia de Santi Jordi A,70,80,,,,,,amphoras,Dr7-11 Dr20,metal,"lead ingots, iron helmet, iron sword blad, iron bar with ring and hooks at end, bronze vessles",,,
,Port-la-Nautique,,-25,75,"2000",3.7,,"22",,,,,,,,
717,Port-la-Nautique,,0,0,"2000",,silted,,,,,,,,,
116,Cala de Sant Vicent,,1,500,,,,,,nothing reported,,,,,,
150,Cap Leucate 1,,1,275,,,,,,amphoras,Dr20,,,,,
151,Cap Leucate 2,,-50,100,,,,,,amphoras,Dr2-4,,,,,
776,Punta Prima,,70,100,,18,,,,amphoras,Dr10,ceramic,Drag37 terra sigillata hispanica bowl,,,
149,Cap Gros,Collioure,-125,-50,1977-1988,54,,"10.5",5.5,amphoras,Dressel 1B and 1C,ceramic,"cooking pots (ollae), ceramic ampuritaine",metal,copper urn,
363,Grand Bassin 3,,120,120,,4,,,,ceramic,"mortaria, coarseware jug, fine-wall beaker",lamps,,stone,mortarium,
369,Grazel 2,,631,631,,,,,,metal,"bronze pots, box, strainer, lamp, fittings",coins,coins ending 630-1 AD,,,
720,Port-Vendres 1,,400,400,,6,,"20",8,amphoras,"Almagro50 Almagro51C; flat-bottomed amphoras, cylindrical amphoras",coins,68 bronze coins ending 383-392 AD,ceramic,pottery,"lamp, pins, brooch, bone flute, gaming dice, counters, fish hook, fishing weight"
721,Port-Vendres 2,,42,50,,7,,,,amphoras,Dr20 Haltern70 Dr28 Beltran2A [Pompeii 7],ceramic,"red-varnish and fine-wall ware pottery;  terra sigillata vessel",metal,"tin, copper, lead ingots;  tin cup, bronze skillets, plates and pots, 2 strigils","glass bowls, touch stone, lamps, glass, Iltirda bronze coin"
722,Port-Vendres 3,,150,150,,6,,,,amphoras,LaubenheimerG4 pear-shaped,metal,iron blades,ceramic,"terra sigillata, S. Gaulish coarseware","lamp, glass bottles, Luna marble mortar, coins of Hadrian, Faustina the Elder and Younger, bronze vase, African black rhinoceros; traces of iron barrel hoops seem to indicate barrels for some cargo (Marlière 2002, 43)."
723,Port-Vendres 4,,-50,25,,4,,,,amphoras,Pascual1,dolia,,,,
724,Port-Vendres 5,,-50,25,,16,,,,amphoras,"Pascual1 Dr2-4; [Oberaden 74, Dr 7/11]",tiles,"fragments; roof tiles",lamps,oil lamp,
725,Port-Vendres 6,,1450,1500,,,,,,ceramic,bowls: cobalt and metallic luster,,,,,
364,Grand Bassin 4,,313,313,,4,,,,coins,4000 coins ending 313,amphoras,,metal,copper nails,
537,Mateille 1,,400,425,,3,,,,amphoras,"Almagro51A, pear-shaped, cylindrical",metal,"iron bars, bronze objects",coins,"551 coins, 4 of Theodosius","terra sigillata chiara D, coarseware, vaulting tube, iron blade, axe,  fishing weights"
538,Mateille 2,,1,100,,4,,,,amphoras,Dr7-11,,,,,
137,Cap Bear 1,,-50,25,,26,,,,amphoras,Pascual1,,,,,
138,Cap Bear 2,,100,300,,35,,,,lamps,,,,,,
18,Alcudia,,0,0,,,,,,metal,tin ingots alloyed with silver,,,,,
148,Cap del Vol,,-10,5,,24,,"19",,amphoras,Pascual1,ceramic,"coarseware, fine-wall jars, imitation Arretine",,,
983,"Ullastres, Los",,-50,25,,52,,"18",,amphoras,Pascual1,,,,,
12,Aigua Blava,,-50,25,,7,,,,amphoras,Pascual1 Dr37,,,,,
114,Cala Cativa,,-50,25,,32,,,,amphoras,Pascual1,,,,,
539,Medas 2,,-50,25,,,,,,amphoras,Pascual1,,,,,
977,"Tuna, Sa",,100,200,,,,,,amphoras,Beltran2B,,,,,
96,Bruges,,100,250,"1899",,silted,"15",4.5,nothing reported,,,,,,
573,"Negres, Les",,150,150,,25,,,,amphoras,Beltran2B Dr20,,,,,
1002,Vichy,,100,150,,,,,,ceramic,Central Gaulish terra sigillata,,,,,
249,Culip 1,L'Encalladora,-50,25,,12,,,,amphoras,Pascual1,,,,,
250,Culip 3,,-50,25,,18,,,,amphoras,Pascual1,,,,,
251,Culip 4,,70,80,,7,,"10",3,amphoras,Dr20,ceramic,"fine-wall cups and beakers, lamps",ceramic,South Gaulish terra sigillata plain and decorated vessels (Drag37 & 29),"amphoras, cooking pottery, two mortaria, five tiles, two lamps, glass unguentarium, three bronze rings, pottery bead or spindle whorl, stone tablets, glass and stone counters. lead fishing weights"
252,Culip 5,,50,100,,,,,,amphoras,Beltran2A,,,,,
253,Culip 6,,1350,1400,,5,less than ten meters says Rieth,,,ceramic,pottery from Granada and Languedoc,,,,,"meat; butchered sheep/goat, cattle, horse, pig, fowl"
146,Cap de Creus,,-50,25,,20,,,,amphoras,Pascual1,,,,,
246,Cova del Infern,,-100,150,,,,,,dolia,,,,,,
668,Piedra Negra,,75,150,,70,,,,amphoras,Dr20,,,,,
755,Punta Blanca,,-50,25,,,,,,amphoras,Pascual1,,,,,
730,Porto Cristo 1,,50,70,,,shallow,"30",,lamps,,ceramic,"plates, pots, barbotine-decorated beaker, S. Gaulish terra sigillata",amphoras,Dr2-4,bronze keys and coins (sestertius of Caligula)
731,Porto Cristo 2,,25,100,,,,,,amphoras,Haltern70 Dr20,,,,,
8,Agde 3,,-300,500,,8,,,,amphoras,,,,,,
10,Agde 8,,0,0,,,,,,metal,red lead ore,,,,,
9,Agde 5,,75,125,,,,"20",14,amphoras,Dr20,metal,copper ingot,,,
64,Baie de l'Amitié,,50,100,,3,two to four,"9.5",4,amphoras,"Dr20, 7/11, Pascual 1",metal,lead ingots,ceramic,"coarse cooking pots, Italian and South Gaulish terra sigillata, balsamarium","straw packing material, cages of vegetable fiber"
93,Brescou,,1,500,,,,,,stone,basalt mill-stones of Ambonne,,,,,
521,Marseillan-Plage 2,,50,100,,,,,,amphoras,Dr20,metal,lead and copper ingots,,,
,Riches Dunes 5,,160,200,"2002",6,ca,,,stone,"Column base, decorative figures, 3-tonne block",lead sculptures,,,,
718,Port-la-Nouvelle,,1,250,,,deep,,,amphoras,Dr20,,,,,
501,Majorca,,100,200,,,,,,amphoras,Dr20,,,,,
703,Pommeroeul 1,,50,150,,,silted,,,,,,,,,
704,Pommeroeul 2,,50,150,,,silted,,1,,,,,,,
705,Pommeroeul 3,,50,150,,,silted,"12",0.98,,,,,,,
706,Pommeroeul 4,,50,150,,,silted,"20",3,,,,,,,
707,Pommeroeul 5,,150,225,,,silted,,,,,,,,,
708,Pommeroeul 6,,0,0,,,,"15",,ceramic,pottery,,,,,
764,Punta del Vapor 1,,1,100,,,,,,amphoras,Dr7-11,,,,,
335,Frontignan,,50,50,,,,,,metal,copper ingots,,,,,
232,Ciudadela (Spain),,1,500,,,,,,amphoras,Roman,,,,,
123,Cala Vellana,,50,60,,13,,,,amphoras,"Dr2-4; ovoidal amphora",ceramic,"South Gaulish terra sigillata, Hispanic coarseware",,,
307,Favaritx,,450,600,,22,,,,metal,hundreds of bronze objects,amphoras,,ceramic,coarseware,
664,"Petit Rhône, Le",,1,500,,18,,,,metal,lead ingots,,,,,
837,"Saintes-Maries-de-la-Mer 3, Les",,100,200,,18,,,,metal,copper ingots,,,,,
836,Saintes-Maries 1,,50,50,,16,,,,amphoras,Dr20,metal,lead ingots as produced in Britain,,,
,Saintes-Maries-de-la-Mer 24,SM 24,40,75,"1998",10,,,,metal,iron ingots,,,,,
,Rotterdam Boat 1,,1252,1300,,12,silted,"11",,other,bricks,,,,,
999,Velsen 1,,1050,1175,,,silted,"6.5",,,,,,,,
17,Alblasserdam,,100,250,,,,"2.33",,nothing reported,,,,,,
40,Arles-Rhône,,1,100,"1986",10,,,,amphoras,Pélichet47,,,,,
,Arles-Rhône 3,,50,60,"2004",6,2 +/-,"30",,Stone,Limestone blocks from nearby quarry of St-Gabriel,,,,,
682,Plage d'Arles 4,,25,50,,660,,,,amphoras,"Dr28, 20, 8, 9, 12; Haltern 70, Punico-ebusitaines 25",,,,,
,Zwammerdam 1,,150,225,,,silted,"6.99",,nothing reported,,,,,,
,Zwammerdam 2,,150,225,,,silted,"22.75",,nothing reported,,,,,,
,Zwammerdam 3,,150,225,,,silted,"10.4",,nothing reported,,,,,,
,Zwammerdam 4,,150,225,,,silted,"34",,nothing reported,,,,,,
,Zwammerdam 5,,150,225,,,silted,"5.48",,nothing reported,,,,,,
,Zwammerdam 6,,150,225,,,silted,"20.25",,nothing reported,,,,,,
,Zwammerdam 7,,100,300,,,silted,"5.15",1.24,,,,,,,
,Lyon 2,,150,200,"2003",,,"15",3,ceramics,North african,,,,,
,Lyon 3,,159,200,"2003",,,"14",2.8,ceramics,,,,,,
,Lyon 4,,200,250,"2003",,,"18",4,ceramics,North african,,,,,"contans an as from Marcus Aurelius, well-worn"
,Lyon 5,,160,200,"2003",,,"6.5",3,ceramics,North african,,,,,
,Lyon 6,,1085,1250,"2003",,,"3.5",,,,,,,,
,Lyon 7,,254,325,"2003",,,"40",,ceramics,,,,,,contains an antonianus from Gallien and an aurelianus from the end of the 3rd c
,Lyon 8,,55,100,"2003",,,"17.5",2.8,ceramics,,,,,,
,Lyon 9,,1475,1550,"2003",,,,,ceramics,,,,,,
,Lyon 10,,1525,1550,"2003",,,,,ceramics,,,,,,
,Lyon 11,,1499,1550,"2003",,,,,ceramics,,,,,,
,Lyon 12,,1475,1550,"2003",,,,,ceramics,,,,,,
,Lyon 13,,1499,1550,"2003",,,,,ceramics,,,,,,
,Lyon 14,,1187,1250,"2003",,,"8.26",,ceramics,tableware,,,,,
,Lyon 15,,1510,1600,"2003",,,,,ceramics,,,,,,
,Lyon 16,,1475,1550,"2003",,,,,ceramics,,,,,,
1016,Woerden 1,,170,175,"1978",,silted,"27",3,grain,"grain (emmer wheat/triticum dicoccum); hazel nuts; weeds suggests grain 
came limy loam soil, e.g. from mod. Belgium or Luxemburg (more 
definiteively from the loess area in Belgium); had been stored for at 
least a year before shipping. The granary was at least partially made of
 wood and stood for at least a decade or more. The grain was threshed, 
winnowed and sieved before storage and suffered from agricultural insect
 pest.  The quality of the grain was poor as it has agrostemma githago 
seeds; there is evidence for the growth of mould.",,,,,"no sign of sacks, containers"
3,'Mediterranean',,308,308,,,,,,coins,"""gold coins""",,,,,
1017,Woerden 2,,0,0,"1988",,silted,"20",3.1,,,,,,,
1018,Woerden 3,,100,300,"1988",,silted,"12",1.25,,,,,,,
,Woerden 4,,,,"1576",,,,,,,,,,,
1019,Woerden 5,,1,100,"1998",,silted,,0.5,,,,,,,
1021,Woerden 6,,200,300,"1988",,silted,,,,,,,,,
1020,Woerden 7,,163,163,"2003",,,"30",,,,,,,,
,Woerden 8,,,,,,,,,,,,,,,
330,Fos 2,,1,100,,,,,,amphoras,Dr6,,,,,
829,Saint-Gervais 1,,140,140,,7,,,,metal,"lead ingots, iron bars",ceramic,S Gaulish terra sigillata plate,,,
830,Saint-Gervais 2,,600,675,,2.5,,"18",6,amphoras,"African: Keay 61 Keay 8a; 1 spatheion.  Filled with pitch and probably recycled (Pieri)",ceramic,"N African terra sigillata chiara D, orange-painted and orange; lead-glazed pottery; grey-ware pitchers; fine eastern ceramic, everyday ceramic 1 LR 5 amph, prob = galley stores, according to Kingsley 2002, 79, citing Jézégou 1983, p. 115, and 1998, 345; slightly different appraisal in Pieri 2005, 16-19.",,,"2 Merovingian broaches; barrel ; wheat"
831,Saint-Gervais 3,,149,154,,4,,"17",6,amphoras,Dr20 Beltran2B LaubenheimerG4,ceramic,basket with 9 unguentaria,,,
832,Saint-Gervais 4,,50,150,,6,,,,amphoras,Dr20 Beltran2B,,,,,
452,"Laurons 5, 6, 9, 10",,,,,,,,,,,,,,,
,Sénèmes-Ponteau,,-4,146,"1960",10,,,,amphoras,Dressel 3/4,,,,,
448,"Laurons 1, Les",,200,400,,2.5,,"13",4,nothing reported,,,,,,
449,"Laurons 2, Les",,175,320,,2,,"15",5,amphoras,"Gaulish, African cylindrical",ceramic,"terra sigillata chiara A, coarseware",coins,2 coins (1 of Divus Antoninus Pius),"wooden utensils, lamp, grain"
450,"Laurons 3, Les",Epave III,300,400,,2,,"10",4.6,ceramic,pottery,amphoras,Dr20 and Pelichet47,glass,fragments,coins
451,"Laurons 4, Les",,310,340,,2,,,,coins,one of Constantine,,,,,
144,Cap Couronne,,1450,1500,,,,,,ceramic,Valencian cobalt blue and metallic luster bowls,,,,,
197,Carro 1,,525,550,,5,,,,amphoras,,ceramic,terra sigillata chiara dish,metal,"lead bar, lead stock or ingot",
198,Carro 3,,1,275,,,,,,amphoras,Dr20,,,,,
34,Aragnon,,1,50,,0,,,,amphoras,Dr6,,,,,
985,Utrecht 1,,998,998,,,silted,,,,,,,,,
986,Utrecht 2,,1100,1200,,,silted,"13",3,,,,,,,
987,Utrecht 3,,1198,1010,,,silted,,,,,,,,,
988,Utrecht 4,,0,0,,,silted (?),,,,,,,,,
989,Utrecht 5,,1100,1200,,,silted,,,,,,,,,
998,Vechten,,1,100,,,silted,"12",3,nothing reported,,,,,,
260,De Meern 1,,100,200,"2003",,silted,"22",2.5,,,,,,,wooden bucket
261,De Meern 2,,100,200,,,silted,,1,,,,,,,
262,De Meern 3,,0,0,,,,,,,,,,,,
263,De Meern 4,,100,100,"2005",,,,,,,,,,,
684,Planier 1,Planier A,1,15,"1955",32,,"12",7,amphoras,"Dr2-4; Campanian Dr2-4",ceramic,"pottery gourd, mortarium, Arretine ware",,,"2 wooden plates, 2 wooden figurines"
685,Planier 2,Planier B,150,150,"1955",30,,,,amphoras,"Dressel 20; Beltran 2B; Pélichet 20B",metal,copper ingots,,,
686,Planier 7,,300,350,,65,,"7",8,amphoras,Afr2C Almagro50 Almagro51C,,,,,
583,Niolon,,1,100,,10,,,,amphoras,Dr2-4,glass,vessels,metal,brail rings,
124,Calanque de l'Âne,,80,100,,,,"22",,tiles,,ceramic,pottery,glass,"unguentaria; pillar-moulded glass bowl",
479,"Luque 1, La",,150,150,,17,,,,tiles,roof tiles,ceramic,"S Gaulish Drag. 37 bowl, coarseware",coins,coins in mast-step end with Hadrian,sword
480,"Luque 2, La",,300,325,,40,,"20",6,amphoras,"Afr ,'Globe'",lamps,Afr,ceramic,terra sigillata bowl,
125,Calanque de l'Âne 1,Pointe Debie (earlier name),100,150,,18,,"25",,tiles,"tegulae, imbrices, red or mixed yellow and red",ceramic,"sigillee, Drag. 16, 27, 35, 37,",glass,,"Isings 3a, 28a"
699,Pointe Debie 1,,1,100,,28,,,,amphoras,"Dr7-11 Beltran2B Dr2-4 Tarraconaise, Pelichet 47 Gaulish, Dr2 Gaulish Dr20",,,,,
700,Pointe Debie 2,,225,250,,16,,,,tiles,roof tiles,,,coins,sestertius of Severus Alexander (225-235),
702,Pomègues 1,,200,300,,7,,,,amphoras,Almagro 50 and LaubenheimerG4,ceramic,pottery medallion,coins,"sestertius of Antoninus Pius (145-161), middle bronze of Philip I (245-249)",lamps
698,Pointe de la Luque 2,,200,400,,40,,"20",6,,,,,,,
500,Maire 2,,100,125,,40,,,,amphoras,Dr20,,,,,
952,Tiboulen de Maïre,,100,100,,54,,,,amphoras,Dr20 Dr28 Dr14 Beltran2A Beltran 2B Dr2-4 LaubenheimerG4 Pelichet 47,ceramic,coarse pottery,,,
284,Dorestad,,800,900,,,silted,,,stone,quern (?),,,,,
145,Cap Croisette,,200,400,,,,,,amphoras,Afr,,,,,
204,"Catalans, Les",,350,350,,41,,,,amphoras,Almagro51A Dr23 cylindrical Beltran72,,,,,
410,Jarre,,10,50,,54,,,,amphoras,"Dressel 20; Dressel 2-4",,,,,
,Ile Maïre B,,100,200,"1956",50,,,,amphoras,"Dressel 20; Pélichet 20B",,,,,
126,Calanque du Berger,,1,500,,,,,,,,,,,,
527,Marseille 8,,1,100,,4,,,,marble,"rough and worked, with evidence of chisels and inscriptions from quarry inspections, with consular date, sector of quarry and name of imperial curator; white marble columns",amphoras,"3 oil and 1 wine type Dressel20,  Dressel1A, and Dressel 2/4 from Catalonia and Gaul",glass,,
522,Marseille (Bourse),L'Epave de la Bourse or du Lacydon,175,200,,,silted,"23",9,nothing reported,,,,,,
523,Marseille (Galère de César),,200,300,,,silted,,,ceramic,pottery,,,,,
663,"Petit Congloué, Le",,40,50,,60,,"23",,amphoras,Dr2-4 LaubenheimerG3,dolia,,,,
683,Plane 3,,900,1000,,26,,,,amphoras,,ceramic,"jars; clay balls, glazed plate, flagon, strainer flasks, 2 jugs",lamps,,"2 circular millstones, adze-hammer, double-axe, axe, hook, large gouge, burin, nail-lifter or drove, caulking tool, pick, rings, nails"
801,Rocher de l'Estéou 1,,-50,10,,27,,,,amphoras,Dr 1B or 1C,,,,,
802,Rocher de l'Estéou 2,,800,1000,,26,,,,amphoras,Joncheray 5,lamps,Menzel (4) 661,,,
524,Marseille 5,,1,200,,,silted,"16",5,,,,,,,
525,Marseille 6,,1,200,,,silted,"16",5,,,,,,,
526,Marseille 7,,200,300,,,silted,,,,,,,,,
414,Kapel Avazaath,,100,160,,,silted,"30",,metal,"iron ring, caulking iron, C14 130+-30",,,,,
953,Tiel 1,,900,1000,,,silted,,,,,,,,,
954,Tiel 2,,900,1000,,,silted,,,,,,,,,
955,Tiel 3,,1000,1100,,,silted,,,,,,,,,
,Cassis,,-16,146,"1960",35,,,,amphoras,"Dressel 2-4; Dressel 44-45; ""Italic"" (C180-183)",,,,,
215,Chaudeney-sur-Moselle 1,,1,500,,,,,,,,,,,,
216,Chaudeney-sur-Moselle 2,,1,500,,,,,,,,,,,,
719,Port-Miou,,400,425,,30,,,,amphoras,cylindrical,ceramic,terra sigillata chiara D,ceramic,lamps,"lead seals of commerce, mineral objects, pumice stone, pozzolana, Egyptian blue"
227,"Ciotat 4, La",,275,275,,,'considerable',,,coins,"coins of Saloninus-Quintillus, from 260s to early 270s",,,,,
294,Druten,,200,200,,,silted,"27",,ceramic,"color-coated pottery, red-gloss",coins,coin dated to ca. 200,metal,axe,
366,"Grand Rouveau, Le",,50,50,,35,,"15",8,amphoras,Dr2-4,metal,large leaden vessel,ceramic,"small jug, mortarium, 2 Arretine plates",
484,"Magnons 1, La",,-50,50,,30,,,,amphoras,Dr8 Dr12 Dr2-4,,,,,
931,Tanger 2,,1,100,,,,,,amphoras,Dr7-11 Dr38,,,,,
,IJsselmeerpolders NG 35,,1422,1450,"1999",,,"19",,other,oats,,,,,
,IJsselmeerpolders NB 36,,1500,1550,,,,"16",,,,,,,,
969,Toulon 1,,1,100,,,,,,stone,blocks,,,,,
970,Toulon 2,,1,100,,,,,,stone,blocks,,,,,
,Hispalis,"Plaza Nueva; Seville ship",700,1258,"1981",11,silted,,,,,,,,,
332,"Fourmigues, Les",,50,50,,54,,,,amphoras,Dr2-4,,,,,
348,Giens 2,,1,100,,,,,,ceramic,"S Gaulish terra sigillata, Drag. 18, 27, 35, and 32/37",,,,,
365,Grand Ribaud D/4,,-9,10,,18,(19),,,amphoras,"Dr2/4 Pascual 1 Dr9, dolia",,,,,
267,Deventer 2,,990,990,,,silted,,,,,,,,,
268,Deventer 2,,1047,1047,,,silted,,,,,,,,,
269,Deventer 3,,913,913,,,,,,,,,,,,
323,Flavigny-sur-Moselle (France),,0,0,,,,,,,,,,,,
701,Pointe Lequin 3,,50,70,,,,,,amphoras,Dr2-4 Dr7-11 Gaulish,ceramic,Arretine pottery,,,
540,"Medes 2, Les",,1,100,,18,,,,tiles,roof tiles,amphoras,Dr2-4,,,
,Bénat 3,,1,50,"1980",56,,,,Amphoras,uncertain,,,,,
61,Bagaud 1,,200,275,,15,,,,amphoras,"Kapitän1 and 2, pear-shaped (Dr30), LR spatheiaspatheia",ceramic,including 2 mortaria,metal,lead / lead ore (?),
62,Bagaud 3,,75,200,,19,,,,amphoras,"Gaulish; Dr20",,,,,
139,Cap Bénat 1,,30,50,,37,,,,amphoras,"Beltran4B; Dressel 14; Ibizan amphora; flat-bottomed amphora",,,,,
140,Cap Bénat 3,,1,50,,54,,,,amphoras,Laubenheimer54 Haltern70,,,,,
,Bénat 1,,1,100,"1965",37,,,,Amphoras,"Dressel 41; Dressel 7; Dressel 10",lids,,,,
,Bénat 2,,1,200,"1976",46,,,,Amphoras,"Dressel 1C; 3 dolia",,,,,
551,"Miladou, Le",,-200,-50,,,,,,nothing reported,,,,,,
642,"Palud, La",,540,600,,5,,,,amphoras,"Keay62 Keay 55; 2 LR 1, 3fgmts LR 2, 1 LR 4,  1 LR 5",tiles,roof tiles as well,ceramic,coarseware,
697,Pointe de la Galère,,1,50,,15,,,,ceramic,rounded tiles,amphoras,Haltern 70 (fragment),ceramic,coarse pottery and cf. Haltern70 amphora,
384,Heliopolis 1,,300,400,"1969",38,ca,"14",,amphoras,"cylindrical LR3; cf. Keay 25.1, 25.3: homogenous cargo of amphoras produced and loaded at Salakta (Sullechtum): M. Bonifay, Études sur la céramique romaine tardive d'Afrique, BAR international series 1301 (Oxford, 2004), 453",,,,,
1022,Xanten Lower Rhine,,600,950,,,silted,,,,,,,,,
1023,Xanten-Lüttingen,,275,275,,,silted,"35",4.9,,,,,,,
1024,Xanten-Wardt,,1,100,,,silted,,,,,,,,,
,Le Titan,,-100,100,"1948",28.5,1.5 +/-,,,Amphoras,"Dressel 12; Dressel 10; Pélichet 48",Ceramic,Campanian B,,,
669,Pierres Plates,,300,325,,,,,,amphoras,cylindrical,,,,,
,Cavalaire,,1400,1500,"1987",12,,,,,,,,,,
,Lardier 2,Epave à l'îcone,1400,1600,"1984",36,,"40",,sculpture,pewter figurine (hence l'épave à l'îcone),ceramic,fragments,weapons,"swords (several types); armor",
444,Lardier 4,,50,75,,22.5,,,,tiles,"imbrices, tegulae, four round for use in ventilation",ceramic,"Vases - rivet 17; Dragendorff 33 and 18",amphoras,gauloise 4,"pipettes, casserole, balance, touchstone"
826,Saint Tropez 1,,100,200,,6,,,,stone,"marble column drums, bases, slab, architrave",,,,,
1056,Yverdon 1,,75,100,,0,,"34",,nothing reported,,,,,,
1057,Yverdon 2,,300,400,,,silted,"9.6999999999999993",1.5,nothing reported,,,,,,
586,Nord-Camarat,,1,100,,25,,,,tiles,roof tiles,,,,,
827,Saint Tropez 2,,-25,75,,30,,,,amphoras,"Dr2-4 ovoid; Dressel 28; Dressel 1",,,,,
,Rabiou,,1,100,"1960",30,,,,Amphoras,"Dressel 2-4; Dressel 28",,,,,
432,Krefeld Gellep 2,Krefeld b,950,1010,,,silted,"5.9",2,,,,,,,
431,Krefeld Gellep 1,Krefeld a,1000,1400,,,silted,"14.5",,,,,,,,
433,Krefeld Gellep 3,Krefeld c,800,800,,,silted,"16",,ceramic,Kügeltopf,,,,,
914,Sud Camarat,,1,300,,,,,,tiles,roof tiles,,,,,
134,Camerat 1,,1,100,,25,,,,tiles,"imbrices, tegulae",,,,,
587,Nord-Fouras,,900,1000,"1991",12.5,ca,,,amphoras,greco-italic or Dressel 1A,,,,,
,Moutte E,,1,100,"2005",1.5,.5 +/-,,,Amphoras,"Dressel 2-4; 3 dolia",,,,,
643,Pampelonne,,290,325,,63,,"6.5",3.5,amphoras,"cylindrical pear-shaped Almagro50 and 51C; Dr23; Beltrán 72; main cargo= Keay 25.1 and Africana 2C. This combination + petrography show they were made in workshop of Sidi Aoun at Nabeul (Neapolis): M. Bonifay, Études sur la céramique romaine tardive d'Afrique, BAR international series 1301 (Oxford, 2004), 453.",metal,lead seals,Amphoras,cylindrical Heliopolis 1,
1006,Villepey,,110,160,,,,,,amphoras,"Dressel 20; Pélichet 20A; Dressel 17/27",,,,,
468,"Lion de Mer, Le",,1,100,,20,4 +/-,,,tiles,roof tiles,artistic pieces,"fine glassware, mosaics",amphoras,"Dressel 20; Dressel 28",
80,Bevaix,,182,190,"1970",2,,"19.399999999999999",2.9,nothing reported,,,,,,
86,Boulouris,,1,100,"1956",5,shallow,,,amphoras,Dr20A terracotta stoppers,,,,,
290,Dramont 6,Dramont F,350,400,"1971",58,,"12",5,amphoras,LR cylindrical Almagro51A Keay52,ceramic,"terra sigillata chiara D dish, terra sigillata lucente dish, coarseware",metal,bronze pitcher,
291,Dramont 7,Dramont G,60,70,"1974",48,,"11",,ceramic,sigillata Drag. 18 and Ritt 8,tiles,roof tiles,amphoras,fragment Dr28 or Gauloise2,"jars, cup, lamp, scraper, hammer, axe, harpoon, burin, large ring, iron and bronze nails; terra sigillata cups, coarseware dishes, bowls, and jars"
287,Dramont 2,Dramont B,1,25,"1957",39,,,,amphoras,Dr2-4,ceramic,"cooking ware, Arretine, and Iberian pottery",,,
288,Dramont 4,Dramont D,40,50,"1964",54,,"18",6,amphoras,"Rhodian Dr2-4, [Dr45 for Type II says Carraze] Amphoras Dr2-5, probably 44-45]",stone,mortaria,metal,bronze pumps,"lamps, lead jar, storage amphoras, cooking pots, flat dish, lids, bronze jar, bronze skillets, Arretine cups and plates, fine-wall goblet, coarseware vessels, copper nails in a basket, axe, gimlet, graver, axe-hammer, key, knife, tools, bronze inkwell"
289,Dramont 5,Dramont E,420,425,"1965",42,,"18",6,amphoras,"large cylindrical (cf Keay 35), Keay 25, spatheia; LRA4A; Keay 52; Almagro 51C",ceramic,"terra sigillata chiara D (Hayes 61B, 64, 65, 50B);  jugs, platter",coins,dated 383-423,"weights, rotary hand-mill of limestone, vaulting tubes"
292,Dramont 9,Dramont I,25,100,"1991",32,,,,stone,3 blocks of marble from Téos,,,,,
293,Dramont 9/I,,25,50,,33,,,,stone,pumice stones,,,,,sapphires
7,Agay,Camp Long,900,950,"1962",48,,"25",4,amphoras,"Spanish amphoras, jars, lamp",stone,at least 7 basalt grinding stones,metal,"250 bronze ingots, brass ingot, copper vessels (1 with Arabic graffito)",
,Agay H,,1,200,,10.5,1.5 +/-,,,Amphoras,Dressel 20 (late),,,,,
,Chrétienne G,,1,100,"1964",34,6 +/-,,,Amphoras,Dressel 2-4,,,,,
,Chrétienne H,,1,50,"1974",58,,,,amphoras,"over 300; Dressel 2-4; Dressel 7; Dressel 9-10; Dressel 20; dressel 43",,,,,
,Chrétienne L,,1,200,"1993",60,2 +/-,,,amphoras,"Dressel 7-11; Dr2-4; Dr.9-10; Punic; Rhodian; ""flat bottomed""",,,,,
30,Anthéor,,1400,1600,"1960",,,,,ceramic,glazed ware pottery,,,,,
221,"Chrétienne 2, La",Chretienne B,-27,54,"1947",15,,,,amphoras,"Beltran 2B; Dressel 11; Pélichet 46",,,,,
222,"Chrétienne 4, La",Chretienne D,325,375,,20,2 +/-,,,amphoras,"Almagro51C Beltran 72 cylindrical ovoid, Dr23",ceramic,pottery,,,
223,"Chrétienne 8, La",,15,20,,58,,"15",5,amphoras,"Dr2-4, Dr9-10, Dr7, Dr43, Dr20 Punic Rhodian amphoras",ceramic,"coarseware jugs, fine-wall vessels",glass,vessels,"2 axes, short sword sheath, cutlass, dagger, roll of lead"
224,"Chrétienne 9, La",,1,100,"1974",53,,"5",8,amphoras,"Dr9-10, apparently Dr26, related to Dr28",,,,,resin
225,Chrétienne M-3,,1,100,,27,,,,amphoras,Richborough 527,ceramic,"Pompeian plates, plates of open form or covered",marble,marble plaque,"lead seals of merchandise, mineral objects, pumice stone, pozzolana, Egyptian blue"
73,Barthélemy 2,Barthelemy B,50,100,"1993",39,,"8",,tiles,"tegulae, imbrices",ceramic,"urns, plates (Rivet 6 and 10), olpe, globular olla; casseroles",metal,"lead objects (foculus, boxes) and metal tools","mineral to grind or crush, metal and wood tools"
,Cap Roux,,,,"1960",,,,,amphoras,Deressel 44,,,,,
153,Cap Roux 2,,300,400,,38,,,,amphoras,Dressel-Lamb. 27 (cylindrical),,,,,
803,"Roches d'Aurelle, Les",,60,80,"1962",72,,"15",,amphoras,"LaubenheimerG5 and G2, Dr20, Drag. 37",ceramic,"Vases - coarse pottery vessels; figured lamp, fine-wall cup, Drag37 cup",tiles,roof tiles,
75,"Batiguier, Le",Bataiguier,900,1000,"1973",60,,"20",6,amphoras,short and long cylindrical necks,ceramic,"jugs, flasks, strainer-jars, jars, urns, cups, saucepans with pierced covers, gargoulettes with 3 handles, Arabic graffiti jars, Cordovan lamps; some glazed ceramic",metal,"copper cauldrons, bowls, dromedary-shaped lamp-filler","glass vessels, drum, millstones, ivory"
247,Cudrefin,Dugout 'Cudrefin VD 1871',-50,150,,,,"11.3",,nothing reported,,,,,,
835,Sainte-Marguerite 2,Nord Sainte-Marguerite C,100,125,,5,five meters or less,,,amphoras,"Dr20;",lamps,"lamps round, circular reservoir, 277 well-preserved, decorated",glass,fragments,
464,Lérins,,161,193,,20,,,,amphoras,"Dr20 (can be included in Pelichet's 20B), form 5 of Tchernia",,,,,
49,Avenches 2,,45,200,,0,,,,nothing reported,,,,,,
50,Avenches 3,,125,200,,0,,,,nothing reported,,,,,,
833,Saint-Honorat,'Tourelle des Moines',160,200,,20,,,,amphoras,Dr20,,,,,
,Tradelière,,1,50,"1971",48,,,,amphoras,"Dressel 1 (1); Dressel 2-4 (3); Dressel 6 or Lamboglia 2 (2); Dressel 9 (1); Rhodian (1); Chiosian (many); Ancient Kos (1); Phonician (fragments); one amphora for which we only have a sole matching exemplar (See: Fiori & Joncheray 1975, 61).",Glassware,many forms,,,
871,"Secanion, Le",L'epave de Secanion/Sequanion,-10,40,,26,,,,tiles,roof tiles,amphoras,Dr20,ceramic,"mortarium, coarseware pitcher, lead lid",Sestertius of 23-17 BC
696,Pointe de l'Ilette 1,,0,100,,20,,,,tiles,"tegulae of pale yellow, fragile; some imbrices",amphoras,Gauloise 4,,,
,Anse Saint-Roche,,200,400,"1956",,shallow,,,amphoras,"Dressel 26-27; Almagro 50",metal,metal goblets,,,
,Tirapei (Antibes),,28,146,"1958",10,2 +/-,,,amphoras,"Dressel 3; Dolia",,,,,
341,"Garoupe 3, La",,140,200,,,shallow,,,amphoras,Dr20,,,,,
340,"Garoupe 1, La",,10,35,,12,,,,amphoras,Dr2-4,dolia,[dolia of capacity of 1000-2000L],ceramic,mortarium,"lead bowl, lead piping"
,Cap Gros C,,-100,100,"1991",28,1 +/-,,,amphoras,"Lamboglia 2; Dressel 20 (early?); Dressel 9-10; Dressel 2-4; Pascual 1; Brindles",,,,,
478,Lough Lene,,-100,100,,5,,"8",1.5,,,,,,,
834,Saint-Hospice,,1,500,,40,,,,,,,,,,
560,Monaco 1,,200,250,,3,,"15",4,amphoras,"pear-shaped Afr.2A: mainly produced, probably, at Salakta: M. Bonifay, Études sur la céramique romaine tardive d'Afrique, BAR international series 1301 (Oxford, 2004), 454.",ceramic,"coarseware, terra sigillata chiara HayesRS27,  later pottery",coins,Marcus Aurelius,inscribed wooden stamp
147,Cap de Garde,,285,365,,15,,,,amphoras,Afr2D,,,,,
911,Strasbourg (France) 1,,1,200,,,,"12.5",,,,,,,,
912,Strasbourg (France) 2,,1,200,,,,"7.5",,,,,,,,
1014,Wantzenau,,275,300,,,,"6.5",,stone,millstones,metal,"3 bronze vessels, axe-hammer, drill",,,
561,"Monate, Lago di",,0,0,,,,,,,,,,,,
273,Diano Marina 1,,50,50,,50,,"25",,amphoras,"Dr2-4; Dr7-11",dolia,,ceramic,"coarseware, fine-wall ware, mortarium, Italian terra sigillata, volute lamps,","lead container, glass paste counters, engraved cornelian gem, gold ring with garnet, rooftiles, fishing weights"
274,Diano Marina 2,,0,0,,,,,,amphoras,Beltran2B,,,,,
212,Cervo,,-50,100,,,,,,amphoras,Dr2-4,,,,,
658,Pelosa 1,,1,500,,,,,,ceramic,Roman pottery,metal,iron bar,glass,fragments,lumps of sulfur
659,Pelosa 2,,500,1500,,,,,,ceramic,glazed pottery,metal,iron bar,glass,glass fragments,lumps of sulfur
463,Lazzaretto,,320,320,,2,,,,amphoras,cylindrical Afr2D Almagro50 Almagro51C Dr20 Dr30,coins,moneybag with follis of Licinius,ceramic,mold,
488,Mainz 2,,400,425,,,,"8.2899999999999991",,nothing reported,,,,,,
490,Mainz 3,,400,425,,,,"14.75",,nothing reported,,,,,,
492,Mainz 4,,400,425,,,,,,nothing reported,,,,,,
494,Mainz 5,,400,425,,,,"10.62",,nothing reported,,,,,,
496,Mainz 6,,400,425,,,,"21",,nothing reported,,,,,,
497,Mainz 7,,400,425,,,,,,nothing reported,,,,,,
498,Mainz 8,,75,125,,,,"11",,nothing reported,,,,,,
487,Mainz 10,,75,125,,,,,,nothing reported,,,,,,
499,Mainz 9,,400,425,,,,"21",2.5,,,,,,,
,Mainz 1,S1 Parker Mainz B,385,,"1981",,,,2.6,n,,,,,,
,Mainz 10a,S10 Parker Mainz G,335,,"1982",,,,,n,,,,,,
,Mainz 6a,"Kappelhof; Parker Mainz H",81,,"1982",,,"11",3.7,n,,,,,,
,Mainz 10,am Brand,1,1500,"1968",,,,,,,,,,,
,Mainz 11,,1400,1500,"1995",,,,,,,,,,,
,Mainz 12,,1400,1500,"1995",,,,,,,,,,,
22,Alghero,,1,500,"1978",,,,,ceramic,bricks,,,,,
853,Sant'Antioco 1,,275,300,,,,,,amphoras,Africana grande,ceramic,terra sigillata chiara D pottery,,,
854,Sant'Antioco 2,,1,500,,,,,,stone,blocks,,,,,
79,Bergeggi,,10,60,,30,,"20",6,amphoras,Haltern70,,,,,
325,Fontanamare 1,,290,310,,7,,,,amphoras,Afr2,ceramic,"African coarseware of gray-walled black-rimmed type, terra sigillata chiara A/D",coins,,"gold ring, bronze steelyard with weight, brooches, mirror, spatula, wooden handle"
326,Fontanamare 3,,0,0,,,,,,,,,,,,
736,Porto Pistis,,117,138,,6,,,,metal,lead ingots,,,,,
923,Sulcis,,1,500,,,silted,"23",7,nothing reported,,,,,,
100,Cabras,,1,500,,,,,,metal,lead ingots,,,,,
,Arade 1,,1450,1650,"1970",6,,"4",3.8,,,,,,,
515,Marritza,,75,125,,4,,,,amphoras,Dr2-4 cf Dr7-11,ceramic,"terra sigillata chiara A, black-walled ware saucepan and coarseware",,,
172,Capo di Muro,,1,500,,22,,,,amphoras,pear-shaped,,,,,
202,Castelsardo,,100,200,,12,,,,,,,,,,
794,Ria de Aveiro A,,1434,1448,,,shallow,"10.5",2.5,ceramic,18 different kinds in great condition,,,,,"chestnuts, walnuts, grapes, fishbones"
122,Cala Ustina 2,,1,500,,,,,,ceramic,pottery fragments,,,,,
629,Oscellucia,,20,50,,17,,,,amphoras,Dr20,,,,,
14,Ajaccio,,1400,1600,,,,,,ceramic,glazed ware pottery,,,,,
127,Calvi,,1500,1500,,,,,,ceramic,glazed bowls with geometric design and flower,,,,,
405,Isolella 1,,90,110,,32,,,,tiles,"tegulae, imbrices, without any apparent order or organization",amphoras,Dr20,,,
63,Baie de Conca,calanque de Conca,1,100,"1988",12.5,ca (10-15 m range),,,amphoras,Gaulish,dolia,,,,
,Porto Pollo,,,,"1958",,,,,amphoras,Dressel 24,,,,,
641,Palizi Marina,,1,500,,,,,,metal,sulphur lead ingots,,,,,
404,Isola Rossa,,100,200,,,,,,amphoras,,ceramic,terra sigillata chiara bowl,,,
219,Chia,,200,275,,44,,,,amphoras,Dr20,,,,,
556,"Moines, Les (France)",Moines A,150,200,"1974",18,,,,amphoras,"Lam2 ; Dressel 20",metal,one ingot,,,
392,îles-Rousse,,50,50,,3,,,,amphoras,"Dr2-4, Pelichet 47",dolia,,ceramic,"terra sigillata, coarseware","lead ingot, fine bronze lamp, bronze decorative plaque"
,Cap Sperone,,,,"1958",,,,,amphoras,"Dressel 1; Dressel 20; ""Byzantine""",,,,,
242,Corsica,,274,274,,,,,,coins,gold coins minted 270-274,metal,thick gold rings,,,
585,Nora,,300,400,,,,,,amphoras,Almagro50,,,,,
118,Cala Grande,,300,400,,,,,,amphoras,LR,,,,,
189,Capo Testa 1,,1,75,,16,,,,amphoras,Haltern70 Dr9,ceramic,brown-glazed dish,metal,2 lead plates,
,Cais do Sodré,Lisbon,1500,1500,"1995",6.5,m below water-table (buried in earth),"24",5,,,,,,,
186,Capo Sant'Elia,,1,500,,,,,,,,,,,,
734,"Porto nuovo (Bonifacio, Corsica)",,1,100,,,shallow,,,marble,"rough and worked. Origin: Chemtou,  Karystos, Synnada, Teos, Chios, Carrara, Sainte Baume",marble,rough columns from carrara,ceramic,crustae,"Gold coin of Tiberius (27/8, from Lyon); bronze oil lamp (type  Loeschcke XXVI, 1C AD)"
68,Balise du Prêtre 2,,1,100,,17,,,,amphoras,Dr2-4  Dr21,ceramic,"mortaria, other pottery",metal,copper ingots,
69,Balise du Prêtre 3,,290,340,,17,,,,amphoras,LR,,,,,
991,Vachetta 1,,1,75,,,,,,amphoras,Dr2-4,metal,"copper or bronze nails, small lead bar",,,
990,Vacchetta 2,,320,340,,,,,,coins,coins of Constantine,,,,,
459,Lavezzi 6,,1,200,,,shallow,,,amphoras,,,,,,
460,Lavezzi 7,,1,200,,,shallow,,,amphoras,,,,,,
461,Lavezzi 8,,1,200,,,shallow,,,amphoras,,,,,,
462,Lavezzi 9,,1,200,,,shallow,,,amphoras,,,,,,
791,Ratino,,325,350,,6,,,,amphoras,Afr2B,,,,,
205,Cavallo 1,,40,50,,12,,,,amphoras,"Dr2-4; 2 Spanish amphoras",glass,clear bowls with greenish rim,ceramic,"mortarium, larger Italian terra sigillata plate, coarseware, terra sigillata inkwell,","bronze lamp, bronze figurine, 2 coins, ladle or strainer handle and hook, 5-pronged fishing spear, 50 iron and 50 copper nails,"
206,Cavallo 2,,275,400,,8,,,,amphoras,LR,,,,,
453,Lavezzi (Balise),Epave de la Balise de Lavezzi,45,50,,15,,,,amphoras,Dr14 Dr2-4 Dr28 miniDr14 Dr20,,,,,
454,Lavezzi 1,,25,50,,13,,,,amphoras,Dr20 Dr14 Dr7-11 Haltern70,glass,square and round bottles,metal,copper and lead ingots,coarse pottery
455,Lavezzi 2,,40,50,,19,,,,amphoras,Dr7-11 Dr9 Dr20,ceramic,S. Gaulish terra sigillata,metal,"small bronze cylinder with antimony, little bronze bell, two glass bowls, lead or tin ingot",
456,Lavezzi 3,,50,100,,12,,,,amphoras,Dr14 Dr17 miniDr14 Pascual 1,,,,,
457,Lavezzi 4,,100,150,,15,,,,amphoras,Dr20 Dr14 Beltran2B,,,,,
458,Lavezzi 5,,300,325,,10,,,,amphoras,cylindrical pear-shaped small flat-bottomed,ceramic,"3 pottery vaulting tubes, domestic ware",,,
915,Sud-Lavezzi 1,,375,425,,36,,,,amphoras,Almagro51A flat-bottomed Almagro51C Beltran72 Dr23,,,,,
916,Sud-Lavezzi 2,,10,30,,42,,"23.8",,amphoras,Haltern70 Dr7-11 Dr20 Dr28,metal,"copper, lead ingots",ceramic,Arretine pottery,
917,Sud-Lavezzi 3,,15,25,,38,,,,amphoras,Dr2-4 Pascual1 Dr14,,,,,
828,Saint-Florent 1?,,200,300,,37,,,,amphoras,Dr30 rather than Gauloise 4,,,,,
,Mortella II,,1475,1575,"2005",47,,,,cannon,"6 2m L x 40cm D, ca. 13cm caliber; 2 4m L",hand cannon,16 small pieces visable,,,
,Mortella III,,1475,1600,"2006",37,,,,cannon,"9 2m L x 35cm D, ca. 20-22cm caliber; 5 70-80cm L.",,,,,
918,Sud-Perduto 1,,-25,25,,70,,,,amphoras,Dr12,,,,,
919,Sud-Perduto 2,,1,15,,48,,"16",5,amphoras,Dr7 Dr9 flat-bottomed Dr12 Longarina2 Oberaden83,metal,lead ingots,,,
567,"Mortorius, Is",,30,55,,,,,,amphoras,Camulodunum186 Dr7-11 Haltern70 Dr1C,,,,,
661,Perduto,,15,25,,25,,,,amphoras,Dr2-4,ceramic,pottery,metal,bronze pan of candelabrum,
112,Cagliari 1,,1,300,,,,,,amphoras,G4,,,,,
113,Cagliari 2,,200,350,,,,,,amphoras,Afr,,,,,
306,Est-Perduto,,1,50,,87,,"10",,amphoras,Dr2-4,,,,,
395,Immenstaad,,1324,1344,,,shallow,,,,,,,,,
117,Cala dei li Francesi,,-100,100,,,,,,dolia,,,,,,
778,Punta Sardegna,,1,100,,,,,,amphoras,,stone,Capo Testa granite columns,,,
856,Santa Maria,,200,300,,,,,,amphoras,Afr2A,,,,,
857,Santa Maria: another site,,0,0,,,,,,marble,blocks,,,,,
308,Favone (France),,1,500,,,,,,amphoras,LR,,,,,
,Giraglia,Grand Ribaud D5,0,25,"1993",20,,"20",,dolia,,amphoras,Pascual13,,,
483,Maddalena,,1,500,,,,,,glass,,,,,,
196,Caprera,,100,200,,,,,,amphoras,Dr20,,,,,
971,Tour Sainte Marie 1,,30,55,,55,,,,amphoras,Dr7-11 Dr12 Beltran2A Haltern70,ceramic,mortarium,tiles,tile fragment,part of schist flagstone
1005,Vignale,,307,310,,13,,,,amphoras,LR cylindrical,metal,bronze pitcher handle,coins,"large bronze coin hoard: mostly Maxentius, ends with Constantine",
377,Haderslev-Møllesstrømmen,,1211,1240,,4,,"15",5,,,,,,,
169,Capo Carbonara 2,,200,275,,10,,,,amphoras,Afr1,,,,,
596,Olbia 1,,0,0,,,silted,"12.1",7.8,,,,,,,
597,Olbia R0,,400,500,,,silted,,,metal,bronze broken statue scrap in 1 ship? http://www.sardiniapoint.it/4125.html,,,,,
598,Olbia R1,,400,500,,,silted,"15",,,,,,,,
599,Olbia R1 Sud,,400,500,,,silted,,,,,,,,,
600,Olbia R10,,1400,1500,,,,,,,,,,,,
601,Olbia R12,,400,500,,,silted,,,,,,,,,
602,Olbia R13,,400,500,,,silted,"30",,,,,,,,
603,Olbia R14,,400,500,,,silted,,,,,,,,,
604,Olbia R15,,400,500,,,silted,,,,,,,,,
605,Olbia R2,,400,500,,,silted,,,,,,,,,
606,Olbia R2 Sud,,400,500,,,silted,,,,,,,,,
607,Olbia R3,,400,500,,,silted,,,,,,,,,
608,Olbia R3 Sud,,400,500,,,silted,,,,,,,,,
612,Olbia R5,,1000,1400,,,silted,,,,,,,,,
614,Olbia R6,,400,500,,,silted,,,,,,,,,
615,Olbia R7,,400,500,,,silted,,,,,,,,,
616,Olbia R8,,1000,1400,,,silted,"12",2.5,,,,,,,
617,Olbia R9,,1000,1400,,,silted,,,,,,,,,
620,Olbia RT,,400,500,,,silted,"4",,,,,,,,
,Olbia R4,,1200,1400,,,silted,,,,,,,,,
,Olbia R4a,,1000,1400,,,silted,"9",,,,,,,,
,Olbia R4 Sud,,0,100,,,silted,,,Found a piatto(?) perhaps used for the navigation of the inner gulf of Olbia,,,,,,
,Olbia R5 Sud,,0,100,,,silted,"13",,,,,,,,
,Olbia RC,,1200,1300,,,,,,,,,,,,
,Olbia RC a,,1000,1400,,,silted,"6",,,,,,,,
170,Capo Carbonara 3,,30,70,,,shallow,,,ceramic,wall tiles,ceramic,pipes,,,
209,Cavoli,,1425,1440,,13,,,,metal,"lead token, silver spoon, bronze cauldron, steelyard weight, scissors, sword",ceramic,cobalt blue glazed ware,tiles,,
358,Golo,,1,500,"1777",,,"14.95",2.6,nothing reported,,,,,,
735,Porto Paglia,,-100,100,,,shallow,,,dolia,,,,,,
380,Haithabu 1,,960,980,,,silted,"30.9",2.7,,,,,,,
381,Haithabu 3,,790,1025,,,silted,"22.1",6.25,,,,,,,
173,Capo Ferrato,,1,500,,3,,,,ceramic,roof tiles,amphoras,,,,
,Bøle,Skien,1376,1396,"1959",,,"20",,stone,schist--for whetstones?,,,,,
168,Capo Bellavista,,-25,25,,7,,,,metal,copper ingots,metal,tin ingots,metal,lead ingots,
589,Nydam,,237,293,,,in alluvium,"23.7",3.75,,,,,,,
558,Molara,,-200,100,,,,,,amphoras,,,,,,
193,Capraia 3,,0,0,,100,,,,metal,bronze statues,marble,statues,,,
194,Capraia 4,,1,500,,,,,,marble,blocks,,,,,
192,Capraia 2,,1,500,,50,,,,amphoras,,ceramic,pottery,,,
191,Capraia 1,,-100,100,,35,,,,amphoras,'wine amphoras',,,,,
195,Capraia 5,,1000,1500,,52,,,,ceramic,pottery bowls,,,,,
861,Sardinia: other sites,,200,300,,,shallow,,,amphoras,Almagro50 Afr2D Dr20 pear-shaped,,,,,
417,Karschau,,1145,1145,,,,"22",6.4,,,,,,,
359,Gorgona 1,,1,100,,55,,,,amphoras,Dr7-11 Beltran2A,,,,,
360,Gorgona 2,,0,0,,,,,,,,,,,,
709,Pomonte,,-100,100,,100,,,,amphoras,,ceramic,"vases, jugs",,,
220,Chiessi,,60,85,,50,,"25",12,amphoras,"Beltran2A Dr20 Haltern70; 2 Ibizan amphoras, Dr2-4 amphora",metal,lead ingot,ceramic,"South Gaulish terra sigillata dish, two terra sigillata bowls, terra sigillata chiara A lid and cup",
666,Pianosa 1,,50,100,,35,,,,amphoras,Dr2-4 Dr20 Beltran2B Pelichet47/LaubenheimerG4 Dr1A Afr2A,,,,,
667,Pianosa 2,,1,100,,40,,,,ceramic,Roman pottery,,,,,
775,Punta Polveraia,,1,100,,50,,,,amphoras,Roman,,,,,
654,Patresi (Italy),,1,100,,50,,,,amphoras,,,,,,
770,Punta le Tombe,,1,100,,50,,,,amphoras,,,,,,
1059,Zanca,,1,100,,35,,,,amphoras,,,,,,
649,"Paolina, La",,1,200,,35,,,,amphoras,,,,,,
422,Klåstad,,960,990,,,silted,"21",5,stone,unfinished whetstones (50),,,,,
,Bergerheinfeld-Garstadt,,1375,1375,,,,,,,,,,,,
544,Meloria (Italy),,0,0,,,,,,coins,"4,000 bronze coins, mostly of Constantine II (346-361)",,,,,
,Volkach-Ostheim,,1369,1369,,,,,,,,,,,,
542,Meloria 3/C,,,,,,,,,,,,,,,
,Schwienfurt,,1207,1207,,,,,,,,,,,,
747,Procchio,,160,200,,2,,"18",,amphoras,pear-shaped Afr1,metal,sulphur ingots,glass,shell-shaped 'buttons',"jars, lamps, coarseware casserole, fine-wall cup fragments, ivory stopper, glass bottle or jug, mortaria, larchwood box"
356,Gokstad,,890,900,,,silted,"23.2",5.2,,,,,,,
5,Acquaviva,,100,200,,30,,,,amphoras,pear-shaped,,,,,
471,Livorno (Italy),,0,0,,,,,,stone,4 Roman portrait busts,,,,,
563,Montecristo 2,,1400,1500,,,,,,,,,,,,
564,Montecristo 3,,1,500,,75,,,,amphoras,,,,,,
565,Montecristo 6,,50,250,,55,,,,amphoras,pear-shaped,ceramic,jug,metal,bronze nails,
36,Ardenza,,1,100,,11,,"20",10,amphoras,Dr14,,,,,
,Schonungen,,53,53,,,,,,,,,,,,
357,Golfo della Stella,,0,0,,40,,,,amphoras,,,,,,
738,Portoferraio (Italy) 1,,1,100,,,,,,,,,,,,
739,Portoferraio (Italy) 2,,1,100,,,,,,,,,,,,
866,Scoglietto,,0,0,,72,,,,amphoras,,,,,,
241,Corbella,,1,500,,45,,,,,,,,,,
767,Punta Falconaia,,100,300,,35,,,,amphoras,pear-shaped,,,,,
992,Vada 3,,1,100,,23,,,,amphoras,Dr2-4,,,,,
993,Vada 4,,1,100,,70,,,,amphoras,Dr7-11,,,,,
759,Punta dei Mangani,,-100,200,,55,,,,amphoras,,,,,,
672,Pisa A,,100,200,,,silted,,,amphoras,"Gaul, Forlimpopoli",,,,,
673,Pisa B,,-30,40,,,silted,,4,amphoras,"Spanish, Adriatic",,,,,
674,Pisa C,,0,0,,,silted,"14",,,,,,,,
675,Pisa D,,400,500,,,silted,"14",,,,,,,,
676,Pisa E,,-30,40,,,silted,,,amphoras,"Spanish, Gaul, Corsica; dolia tops",,,,,
677,Pisa F,,100,300,,,silted,,,,,,,,,
678,Pisa G,,100,300,,,silted,"9",,,,,,,,
679,Pisa H,,1,500,,,silted,,,,,,,,,
680,Pisa I,,0,0,,,silted,,,,,,,,,
681,Pisa P,,-30,40,,,silted,,,,,,,,,
190,Capo Vite,,1300,1500,,72,,,,ceramic,pottery,,,,,
557,Mola,,-100,100,,20,,,,ceramic,water pipes,,,,,
571,Naregno,,200,400,,7,,,,amphoras,Afr,,,,,
726,Porto Azzurro 1,,250,300,,,,,,amphoras,Afr2D,ceramic,terra sigillata chiara,,,
727,Porto Azzurro 2,,50,100,,,,,,amphoras,Dr10 Dr2-4 TripolitanaI,ceramic,"lamps, Italian and S. Gaulish terra sigillata",coins,coins of Agrippina the elder (37-41),
774,Punta Perla,,-100,100,,35,,,,amphoras,,,,,,
630,Oseberg,,834,834,,,silted,"21.44",5.1,,,,,,,
756,Punta Cera,,200,275,,25,,"25",10,amphoras,Afr2A pear-shaped Afr1,ceramic,"coarseware plate, grey-ware jug, dark-walled casserole",,,
771,Punta Nera,,1,500,,,,,,amphoras,,,,,,
208,Cavo (Italy),,0,0,,,,,,marble,,metal,bronze Roma (steelyard?) weight,coins,"dupondius of Antoninus Pius, bronze medallion of Marcus Aurelius",
716,Populonia,,1,200,,,shallow,,,nothing reported,,,,,,
846,San Vincenzo 2,,-300,100,,,shallow,,,amphoras,,stone,millstones,,,
845,San Vincenzo 1,,1300,1300,,,shallow,,,metal,"iron objects, slag",,,,,
713,Ponte d'Oro,,50,50,,,,,,amphoras,Dr2-4 Haltern70 Dr7-11 Camulodonum186 Dr20,,,,,
439,"Ladby, Kerteminde",,950,960,,,silted,"21.54",2.92,,,,,,,
753,Punta Ala,,250,250,,2,,"25",,amphoras,Dr20 Afr2B-D pear-shaped,dolia,,ceramic,"terra sigillata chiara C, terra sigillata chiara D, rilled-bottom wear",
963,Torre Hidalgo (Italy),,0,0,,,,,,,,,,,,
,Zembretta,,0,0,,,,,,amphoras,,,,,,
694,Poel (Timmendorfer Mole) 1,,1354,1354,,2.3,,"26",8,,,,,,,
695,Poel (Timmendorfer Mole) 2,,1486,1486,,,,"16",,,,,,,,
761,Punta del Fenaio,,200,325,,75,,,,amphoras,Afr2B,ceramic,terracotta vaulting tubes,metal,iron nails,fishing weight
327,"Formiche di Grosseto 1, Le",,1,500,,60,,,,amphoras,,,,,,
328,"Formiche di Grosseto 2, Le",,1,500,,,,,,amphoras,,,,,,
329,"Formiche di Grosseto 3, Le",,1,500,,40,,,,amphoras,,,,,,
350,Giglio,,1200,1400,,18,,,,ceramic,later medieval jar,,,,,
763,Punta del Morto 2,,70,220,,40,,,,amphoras,pear-shaped,,,,,
873,Secca della Croce,,1,100,,40,,,,amphoras,Dr2-4,,,,,
115,Cala Cupa,,75,125,,18,,,,amphoras,"Dr20 G4; Tripolitana1",ceramic,terra sigillata chiara jug,,,
351,Giglio Porto,,200,225,,40,,"30",8,amphoras,Afr2A (1 Mauretanian),metal,"iron bars, lead weights",ceramic,"jug, black-rimmed cooking ware, pottery tubes","drinking glasses, lamps"
869,"Scole 1, Le",,365,380,,52,,"33",,amphoras,cylindrical,coins,box of coins closing with Valens (364-378),,,
870,"Scole 2, Le",,0,0,,,,,,amphoras,,,,,,
,Keith Reef 1,Skerki 1,-50,0,"1985",55,,,,amphoras,Dressel1B,,,,,
,Keith Reef 2,Skerki 2,150,175,"1985",55,,,,amphoras,"flat-bottomed; BeltránIIB / Beltrán2B",tiles / tegulae,,,,
,Keith Reef 3,Skerki 3,400,450,"1985",55,,,,amphoras,Dr20 Keay30B Keay25,amphorettas,Dr1b flat-bottomed,ceramics,grinding bowls / mortaria,
299,Empoli,,1300,1400,,,,"11",,,,,,,,
893,Skerki Bank 1 (A),,1000,1250,,766,,"10",4,nothing reported,,,,,,
894,Skerki Bank 2 (B),,75,100,,770,,"40",,amphoras,"Tripolitanian I, Dr3, biconical, Dr2-4, AC3, Pompeii X",,,,,organic materials
895,Skerki Bank 6 (F),,50,50,,765,,"20",5,amphoras,"Dr2, Dr 7-11, Dr9, Werff 2, flatbottomed",stone,marble or granite,,,"wheat, beans"
896,Skerki Bank 7 (G),,50,50,,760,ca,"15",,amphoras,"Dr28, Dr2, Dr9, flatbottomed, Werff 3",,,,,"""common wares"""
142,Cap Bon 1,,1,100,,,,,,amphoras,Haltern70,,,,,
143,Cap Bon 2,,-25,100,,,,,,amphoras,Dr2-4,,,,,
,Wessobrunn-Blaik,,1343,1343,,,,,,,,,,,,
838,Salakta,,200,225,,5,,,,stone,"marble carved blocks, architrave, pilaster and plain slabs, blocks",,,,,
39,Argentario,,1,500,"1973",,,,,dolia,,,,,,
737,Porto Santo Stefano,,0,0,,,,,,amphoras,,,,,,
,Staffelsee,,1460,1460,,,,,,,,,,,,
732,Porto Ercole,,1,500,,,,,,dolia,,,,,,
,Barmsee 1,,580,580,,,,,,,,,,,,
,Barmsee 2,,1470,1470,,,,,,,,,,,,
978,Tune,,910,910,,,silted,"20",4.35,,,,,,,
,"Starnberger See, Seeheim",,1080,1080,,,,,,,,,,,,
,"Starnberger See, Ambach",,800,800,,,,,,,,,,,,
,"Starnberger See, Leoni 2",,900,900,,,,,,,,,,,,
,"Starnberger See, Leoni 1",,950,950,,,,,,,,,,,,
,Skaftö,,1437,1441,"2003",7,1 +/-,,,metal,ca. 3 tons of copper ingots,other,"Quicklime; Tar; Bricks; Oak Planks",,,
1015,Wismar-Wendorf,,1476,1476,,1.5,,"18",7,metal,"tin plates, tin sculpture of three communion wafers with images of pilgrims",,,,,
,Arendsee Ship,Prahm,1265,1300,"1990",30,,"12.3",2.3,,,,,,,
,Arendsee Logboat,,1300,1400,"2003",3,,"4.18",0.52,,,,,,,
398,Isis,Skerki,375,400,,818,,"13.5",5,amphoras,"Keay25 Keay32 cf Keay53 [Keay 35 Tunisian]; Almagro51A",ceramic,cooking pot,coins,Constantius II,"lead, wood, hand-mill, lamp, cooking pot, coin of Constantius II"
590,Oberstimm 1,,100,125,,,silted,,3,nothing reported,,,,,,
591,Oberstimm 2,,100,125,,,silted,,2.8,nothing reported,,,,,,
714,Pontelagoscuro,,1100,1199,,,,"15",5,nothing reported,,,,,,
665,Pian di Spille,,350,500,,,,,,amphoras,"Keay25; Keay52",,,,,
368,Gravisca,,1,100,,,shallow,,,amphoras,Dr7-11,metal,iron bars,,,
872,Secca del Mignone,,1200,1300,,,,,,ceramic,glazed bowls,,,,,
968,Torre Valdaliga,,1,20,,10,,,,amphoras,Dr2-4 Dr7-11,ceramic,Arretine pottery,,,
333,"Frasca, La",,1475,1500,,,,,,ceramic,bowls with rosette and rays,,,,,
233,Civitavecchia,,50,150,,,,,,amphoras,pear-shaped,,,,,
858,Santa Marinella (Italy),,0,0,,,,,,dolia,,,,,,
482,"Macchia Tonda, La",,50,100,,12,,,,amphoras,"Dr14, pear-shaped; flat-bottomed amphora",,,,,
647,Pantelleria,,400,500,,,shallow,,,amphoras,late roman,ceramic,Pantellerian wares,lamps,,"sigillata africana, used by the crew, silver ring, glass bottles, game made of animal bone, pig and sheep bones"
646,Pantelleria,,0,0,,,,,,amphoras,,,,,,
962,Torre Flavia 2,,0,0,,25,,,,amphoras,,,,,,
119,Cala Levante,,0,0,,30,,,,amphoras,,,,,,
961,Torre Flavia 1,,1,500,,5,,,,marble,columns,,,,,
440,Ladispoli 1,,1,15,,12,,"20",,amphoras,"Dr2-4; Haltern70",dolia,,ceramic,Arretine ware,"lead jar, volute lamps, furniture, wooden box"
899,Skuldelev 1,,1030,1050,,,shallow,"15.9",4.8,,,,,,,
900,Skuldelev 2/4,,1048,1060,,,shallow,"30",3.7,stone,,,,,,
901,Skuldelev 5,,1030,1050,,,shallow,"17.2",2.6,,,,,,,
902,Skuldelev 6,,969,1041,,,silted,"11.6",2.5,,,,,,,
806,Roskilde 1,,1336,1336,,1,,"9.8000000000000007",,,,,,,,
807,Roskilde 2,,1200,1200,,,silted,"15",,,,,,,,
808,Roskilde 3,,1050,1055,,,silted,"18",4.4,,,,,,,
809,Roskilde 4,,1108,1108,,,silted,"20.5",6.6,,,,,,,
810,Roskilde 5,,1090,1131,,,silted,"14",3.6,,,,,,,
811,Roskilde 6,,1025,1025,,,silted,"36",3.5,,,,,,,
812,Roskilde 7,,1271,1271,,,silted,"9.5",,,,,,,,
813,Roskilde 8,,1248,1248,,,silted,"10",,,,,,,,
814,Roskilde 9,,1171,1171,,,silted,"10",,,,,,,,
631,Ostia,,-50,50,,240,,,,dolia,,,,,,
,Rostock-Hohe Düne Ship,,1304,1350,"2004",,,"13.5",2.7,,,,,,,
441,Ladispoli 2,,25,100,,20,,,,marble,columns,,,,,
85,Borgo Caprile,,500,1100,,,,"10",,nothing reported,,,,,,
712,Pomposa,,1100,1199,,,silted,"13.5",3.5,nothing reported,,,,,,
650,Parco di Teodorico,,400,500,,,silted sand,"9",3.1,,,,,,,
240,Contarina,,1200,1225,,,silted,"20.98",5.2,nothing reported,,,,,,
995,Valle Isola 1,,1,300,,,,"14.67",,,,,,,,
996,Valle Isola 2,,1,300,,,,"12.1",,,,,,,,
,Contarina 2,,1450,1525,"1899",4.3,silted,"11.4",2.5,ceramics,,,,,,
315,Fiumicino 2,,300,400,,,silted,"11.5",,,,,,,,
316,Fiumicino 3,,300,400,,,silted,"13.5",,lamps,,metal,"bronze statuette of Venus; steelyard weight, iron instrument",coins,bronze,
317,Fiumicino 4,,200,400,,,silted,,,,,,,,,
318,Fiumicino 5,,0,0,,,silted,,,,,,,,,
319,Fiumicino 6,,300,400,,,silted,"22",,lamps,,metal,bronze plate,,,
320,Fiumicino 7,,200,400,,,silted,"24",,amphoras,,,,,,"cable, wooden knife-handle"
321,Fiumicino 8,,0,0,,,silted,"4.4000000000000004",,,,,,,,
322,Fiumicino 9,,0,0,,,silted,"11.3",,,,,,,,
312,Fiumicino 10,,0,0,,,silted,"22",7.5,,,,,,,
313,Fiumicino 11,,42,50,,,silted,"26",8,,,,,,,
314,Fiumicino 12,,42,50,,,silted,"104",20.3,,,,,,,
,Fiumicino 1,,300,400,"1959",,,"17.18",5.6,,,,,,,
473,Logonovo,,1400,1400,"1958",,silted,"10.050000000000001",2.55,nothing reported,,,,,,
508,Mangub,,315,315,,,,,,coins,"20,000 folles dated 306-312 in an amphora",,,,,
243,Corte Cavanella,,1,300,,,silted,"7.45",1.9,ceramic,,glass,,lamps,oil lamps,coins
817,S. Marco in Boccalama A,,1300,1350,,2,,"23.6",6,,,,,,,
818,S. Marco in Boccalama B,,1300,1350,,2,,"38",5,,,,,,,
,Porto Fuori,,1300,1300,"1979",,,"17",,,,,,,,
211,Cervia,,300,599,,,in alluvium,"12.5",13.5,metal,copper pot,amphoras,fragments,,,
338,Galtabäck 1,,1144,1195,"1928",,silted,"13.1",3.6,,,,,,,
843,San Nicola,,1,100,,14,,,,amphoras,Dr20 Dr28,,,,,
465,Levanzo 1,,300,400,,94,,,,ceramic,tubi fittili: small and poorly made,,,,,
754,Punta Altarella,,1,500,,47,,,,amphoras,,ceramic,pottery,,,
,Langbürgner See,,760,760,,,,,,,,,,,,
,"Chiemsee, Prien 2",,1370,1370,,,,,,,,,,,,
,Levanzo I,SI06-AA,325,400,"2005",94,m,,,amphoras,"MRA1a; African2C; African2D; African1Piccolo; Dressel30-Tunisia; Almagro51C; Keay52; Knossos18; AgoraM236 (?)",other ceramics,coarseware,construction/building materials,"nails, vaulting tubes esp.","food, glassware"
504,Malamocco,,1400,1500,,9,,,,glass,blocks,metal,"falchions, swords, Turkish standard, bronze statuette",,,
,"Chiemsee, Kailbacher Winkel",,1350,1350,,,,,,,,,,,,
517,Marsala 1,,1150,1200,,2,,"15",3,amphoras,small,ceramic,"lava mill, jug",,,
518,Marsala 2,,1150,1200,,,,,,metal,bronze pot with Arabic inscription,ceramic,pottery,,,
519,Marsala 3,,500,1500,,,,,,nothing reported,,,,,,
779,Punta Scario 1,,1,100,,6,,,,tiles,roof tiles,,,,,
,Brunnensee,,1250,1250,,,,,,,,,,,,
973,Trapani,,200,300,,,,,,amphoras,Panella33,,,,,
32,Anzio,,0,0,,,,,,stone,tufa,,,,,
442,Lampedusa 1,,300,350,,,,,,amphoras,Afr2 pear-shaped globular Kapitän2 Riley MR4,,,,,
,Darsser Cog,,,1350,"1977",6,,"23",,roof tiles,,whetstones,Norwegian,antler pieces,,
174,Capo Granitola 1,,225,275,,,shallow,,,marble,Proconessian marble blocks,ceramic,pottery,amphoras,Kapitän2,
175,Capo Granitola 3,,250,400,,,,,,amphoras,LR,,,,,
176,Capo Granitola 4,,300,500,,,,,,marble,Asiatic marble capitals and plinths,,,,,
865,Scialandro 2,Giolandio,1,300,,,,,,amphoras,Panella44-47,,,,,
574,Nemi 1,,35,50,,12,,,,,,,,,,
575,Nemi 2,,35,50,,21,,,,,,,,,,
576,Nemi 3,,35,50,,,,"5",,,,,,,,
577,Nemi 4,,35,50,,0,,"9",,,,,,,,
974,Tre Fontane (Italy),,0,0,,,,,,,,,,,,
848,San Vito Lo Capo,,1100,1200,,20,,,,amphoras,"grooved, 3.5 liters",,,,,
362,Graham Bank 2,,375,450,,,,,,amphoras,LR cylindrical,,,,,
847,San Vito,,1,500,,,,,,amphoras,,,,,,
975,Triscina 3,,400,500,,3,,,,amphoras,spatheia cylindrical,,,,,
976,Triscina 4,,25,125,,,,,,amphoras,Beltran2B,,,,,barrels with iron hoops
201,Castellammare del Golfo,,1400,1500,,70,,,,ceramic,Pisan pottery,,,,,
331,Fotevik 1,,900,1100,,,shallow,"10.3",2.4,,,,,,,
715,Ponza Porto,,1,200,,11,,"30",10,nothing reported,,,,,,
231,Circeo 6,,0,0,,,,,,amphoras,Halter70 Cam186,,,,,
230,Circeo 5,,200,325,,,,,,amphoras,Afr2B or 2D,,,,,
638,Palazzolo di Strella,,1,500,,,,,,ceramic,bricks,,,,,
864,Sciacca,,1,500,,,,,,nothing reported,,,,,,
948,Terrasini 1,,25,50,,3,,,,amphoras,Dr8 Dr9 Camulodunum186A Haltern 70,metal,copper ingots,marble,bowl,"2 swords, hand mill, axe"
777,Punta Raisi,,1,300,,,deep,,,amphoras,Panella44-47,ceramic,pottery,,,
229,Circeo 4,,-25,25,,15,,,,dolia,,amphoras,Dr2-4,ceramic,terra sigillata italica,
877,Senigallia (Italy),,0,0,,,,,,amphoras,,,,,,
361,Grado,,150,150,,15,,"18",5,amphoras,"Afr1 Kapitän1 Afr2A Tripolitanian horn-handled, Dressel 19, Forlimpopoli A, Cnidia; many with evidence of fish and fish paste",metal,"bronze stands, bronze Neptune, bronze steelyard weight",glass,"broken glass in a barrel - waste for recycling;  glass sherds and domestic wares",
33,Aquileia,,1,200,,,silted,,,,,,,,,
121,Cala Rossano,,30,60,,3.5,,"40",15,amphoras,"Dr7-11, 20 with inscriptions of mercatores, containing fish paste and wine",ceramic,"coarse pottery, fine-wall ware",metal,"lead sheet (round), lead containers, strainers; iron knife, lead finshing weights, roll of lead sheet, 126 copper nails; tin ingots","small round wood boxes containing styli or hair-pins, handles of ivory and wood, marble basin, chest lock,"
1001,Ventotene: other sites,,200,300,,,,,,amphoras,,,,,,
785,Ralswiek 1,,900,1000,,,in alluvium,"14",3.4,,,,,,,
786,Ralswiek 2,,900,1000,,,in alluvium,"9.5",,,,,,,,
787,Ralswiek 4,,900,1000,,,in alluvium,"13",3.3,,,,,,,
862,Savudrija,,-140,20,,22,,,,amphoras,Graeco-Italian,,,,,
562,Monfalcone,,1,100,,,silted,"11",3.8,ceramic,"jug, plates",,,,,"wooden container, wicker basket"
867,Scoglio della Formica 2,,800,1100,,57,,,,ceramic,filter jugs,lamps,,metal,"""iron objects""",
44,Äskekärr 1,,900,1000,"1933",,silted,"16",4.55,,,,,,,
815,Rovinj,,-50,100,,,deep,,,amphoras,similar to Dr6B,,,,,
394,Imera,,285,350,,32,,,,amphoras,Afr,ceramic,coarse pottery,metal,bronze and lead objects,"lamps; coins"
371,Grottammare (Italy),,0,0,,,,,,metal,ingots,,,,,
798,Rocca di San Nicola 1,,1400,1500,,9,,,,ceramic,pottery,,,,,
799,Rocca di San Nicola 2,,300,500,,9,,,,ceramic,C5 pottery,,,,,
800,Rocca di San Nicola 3,,400,500,,9,,,,ceramic,C5 pottery,,,,,
408,Istria,,1,1500,,2,,,,metal,lead ingots,metal,lead anchor stocks,,,
182,Capo Plaia,,200,275,,1,,,,amphoras,Afr1 Tripolitanian,ceramic,small jug,stone,grinding stone,
436,Kvarner Gulf,,1,100,,,,,,amphoras,Koan,,,,,
635,Pag Area,,275,300,,,,,,amphoras,cylindrical,,,,,
210,Cefalù,,400,600,,3,,"35",6,amphoras,"some still corked, w/ inscriptions of content, type Riley LRA 1 = Scorpan VIII B = British Bii",amphoras,Byzantine . For oil (type Riley LRA 2 = Scorpan VII A = British Bi),amphoras,"Scorpan 5o, 2k, 16s/Riley LRA8, 3i","amphora stores (Keay53, 54, 55, 62), terra sigillata chiara type D decorated, iron and stone utensils, domestic pottery,  axe"
51,Averno 1,,1,500,,35,,,,amphoras,,,,,,
52,Averno 2,,1,500,,,,,,amphoras,,,,,,
53,Averno 3,,1,500,,,,,,amphoras,,,,,,
54,Averno 4,,1,500,,25,,,,amphoras,,,,,,
59,Bacoli 1,,-50,100,,32,,,,amphoras,"Dr2-4 (wine), Haltern 70, Dressel 6, Pompei 36",ceramic,"bowls (type Mayet 33), pitcher (type Marabini L)",stone,millstone (catillus),
60,Bacoli 2,,100,200,,32,,,,amphoras,Dr20?,,,,,
385,Herculaneum,,79,79,,,,"9",,nothing reported,,,,,,
1025,Xlendi 2,,1,100,,,,,,amphoras,Dr2-4,,,,,
1026,Xlendi 3,,350,450,,30,,,,amphoras,Keay25,,,,,
1027,Xlendi 4,,0,0,,30,,,,ceramic,coarseware jugs,,,,,
740,Posillipo,,1,500,,5,,,,ceramic,pottery,,,,,
897,Skoljic,,50,200,,36,,,,amphoras,"Dr2-4 derivative, pear-shaped",ceramic,fine pottery,metal,iron 'fireplace',cooking equipment
570,Napoli,,200,250,,,,,,amphoras,Afr1,,,,,
513,Margarina,,1,500,,,,,,stone,"blocks, columns",,,,,
924,Susak,,1,500,,,,,,tiles,roof tiles,,,,,
662,Pernat 1,,1300,1500,,31,,,,ceramic,household pottery,,,,,
386,Herculaneum 2,,1,100,,,silted,,,,,,,,,
310,Filfla,,1,500,,,,,,amphoras,Roman,,,,,
543,Mellieha,,200,250,,9,,,,ceramic,mortaria,glass,vessels,amphoras,Kapitän1,"additional cargo: glass cakes, blue frit, textile fragments, tin-alloy measures; stores: domestic pottery, 2 bronze vessels"
578,Nerezine,,100,200,,,,,,ceramic,Roman pottery,,,,,
337,Galli,,1,500,,45,,,,amphoras,,,,,,
784,Qawra,,200,275,,40,,,,amphoras,Afr2A,,,,,
868,Scoglitti,,1,500,,,,,,,,,,,,
130,Camarina 1,,175,200,,4,,,,marble,giallo antico columns,stone,sandstone blocks,ceramic,black-rim rilled plates and casseroles,"Afr1 amphoras, bronze buckets, bronze urn, strigils, small urn, bronze herm, iron hoop from barrel"
131,Camarina 2,,1,100,,,shallow,,,ceramic,African-type lamps,metal,bronze dolphin,,,
132,Camarina 3,,1100,1200,,5,,"30",4,metal,pots of iron plates 35 cm in diameter to hold fire,metal,"hammers, tongs, pliers, nails, horseshoes, chain",,,
133,Camarina 4,,270,270,,,,,,coins,1000 coins,,,,,
207,Cavlena,,1,500,,,,,,marble,columns,stone,,,,
226,Cikat,,-100,100,,,,,,amphoras,Lam6 Dr6,,,,,
503,Mala Jana,,1300,1600,,27,,,,ceramic,glazed bowls,,,,,
788,Randello,,300,325,,3,,,,amphoras,Almagro50,,,,,
929,Szczecin,,787,891,,,silted,"8.25",2.1,,,,,,,
309,Femmina Morta,,300,325,,4,,,,amphoras,Afr2B-D Keay3A sim. and 81 Almagro51C Dr23,ceramic,"terra sigillata chiara D cups, dishes, and plates; coarse pottery, vaulting tubes",,,wood combs
820,Saint George's Bay,,0,0,,18,,,,ceramic,pitch-lined pottery,,,,,
692,Plocice,,1,500,,,,,,tiles,roof tiles,,,,,
742,Praiano,,1,500,,,,,,amphoras,Afr1 Afr2,,,,,
781,Punta Secca 1,,650,700,,3,,,,coins,7C Byzantine coin,,,,,
782,Punta Secca 2,,650,700,,3,,,,nothing reported,,,,,,
393,Ilovik,,120,120,,30,,,,amphoras,"Dr2-4; horn-handled amphora",ceramic,pottery,glass,,"lamps, sestertius struck in 116, wooden combs, roof tiles, bronze jug and dish"
178,Capo Graziano 13,,1,500,,,,,,,,,,,,
179,Capo Graziano 14,,400,400,,42,,,,amphoras,Keay61,ceramic,strainer jar,,,
568,Munxar,,1,500,,,,,,amphoras,'Spanish-Roman',,,,,
520,Marsaskala,,475,525,,8,,,,amphoras,mostly LR1,amphoras,large African,ceramic,sigillata,
180,Capo Graziano 3,,1,10,,44,,,,amphoras,Dr20 Dr7 Dr2-4 horn-handled,,,,,
177,Capo Graziano 12,,150,250,,35,,,,amphoras,Afr1 Afr2A,,,,,
311,Filicudi Porto A,,475,550,,40,,,,amphoras,Keay62,amphoras,"Wine, (type Beltran-Lloris 59) from modern Tunisia",,,
745,Premuda 2,,400,700,,,,,,amphoras,globular,,,,,
746,Premuda 3,,500,1500,,,,,,,,,,,,
744,Premuda 1,,1,100,,60,,,,amphoras,Dr6A Lam2,,,,,
883,Silba 1,,300,425,,,,,,amphoras,Afr,,,,,
885,Silba 3,,1,500,,,,,,tiles,roof tiles,,,,,
891,Skarda 1,,-100,100,,,,,,amphoras,Lam2 Dr6,,,,,
892,Skarda 2,,1,500,,,,,,tiles,roof tiles,,,,,
370,Grebeni,,1,500,,,,,,tiles,roof tiles,,,,,
,Toušeň,Tousen,,,"1940",,,"7",0.7,,,,,,,
,Grebeni 2,,0,100,,,,"20",6,amphoras,Dr2 Dr3 Dr4 Kingsholm 117,ceramics,"Eastern A beaker, mortars / mortaria, tiles",,,
886,Silba 4,,500,1500,,,,,,glass,,,,,,
566,Morovnik,,300,425,,,,,,amphoras,cylindrical Afr,,,,,
,Čelákovice,Celakovice,,,"1943",,,"6.72",0.62,,,,,,,
505,Malta,,0,0,,,,,,amphoras,,,,,,
,Skorkov,,,,"1963",,,>2.3,0.8,,,,,,,
,Otradovice,,1170,1290,"2002",2,,"6.65",0.8,,,,,,,
407,Ist,,-100,100,,,,,,amphoras,Lam6 or Dr6,,,,,
839,Salerno,,0,0,,,,,,stone,grey limestone blocks,,,,,
413,Kamień Pomorski,,1076,1210,,,in alluvium,"11.6",1.7,,,,,,,
621,Olib 1,,300,425,,,,,,amphoras,Afr,,,,,
622,Olib 2,,25,125,,,,,,amphoras,Beltran2A,,,,,
1060,Zapuntel,,500,1500,,,,,,ceramic,pottery,,,,,
741,Povile,,275,400,,19,,,,amphoras,cylindrical globular Afr2A Afr2C Afr2B,,,,,
884,Silba 2,,1,100,,,,,,amphoras,Rhodian,,,,,
,Přerov nad Labem,Prerov nad Labem,,,"1954",,,"10.3",1.3,,,,,,,
559,Molat,,-100,100,,,,,,amphoras,Lam2/Dr6,,,,,
768,Punta Glavina 2,,1,500,,,,,,amphoras,pear-shaped,,,,,
757,Punta Crapazza,,200,300,,,,,,metal,tin ingots,amphoras,Afr1,,,
11,Agropoli,,1,500,,,,,,marble,,,,,,
634,Pag,,200,300,,,,,,amphoras,Afr2A,,,,,
403,Isola delle Correnti,,200,400,,9,,,,marble,"blocks, perhaps Proconessian",amphoras,Afr2 amphora,,,
644,Panarea (Alberti),'Relitto Alberti',50,100,,48,,"25",18,amphoras,67 in number Dr2-4 horn-handled,amphoras,(57) Pompeii 36 type,ceramic,Gaulish terra sigillata,
74,Basiluzzo,,900,1300,,,deep water,,,amphoras,"pear-shaped, short neck, small round-handled",,,,,
1000,Vendicari,,375,625,,7,,,,amphoras,Riley LR2 spatheion Keay53,,,,,
594,Ognina (Catania) 2,,0,0,,,,,,tiles,roof tiles,,,,,
645,Pantano Longarini,,600,650,,,silted,"30",,,,,,,,
,Poděbrady 1,Podebrady 1,,,"1951",,,,0.7,,,,,,,
,Poděbrady 2,Podebrady 2,,,"1951",,,"3.62",0.68,,,,,,,
,Poděbrady 3,Podebrady 3,,,"1964",,,,0.6,,,,,,,
528,Marzamemi 1,,200,250,,7,,,,amphoras,Kapitän1 and 2,marble,greyish-white blocks,,,
531,Marzamemi 2,Church Wreck of Marzamemi,500,540,,10,,,,marble,"carved architectural pieces for basilica, verde antico and white Proconnesian",amphoras,,ceramic,terra sigillata chiara dish,
532,Marzamemi 3,,1,500,,,shallow,,,marble,red Nubian granite column,,,,,
533,Marzamemi 4,,325,350,,7,,,,amphoras,Afr2D cylindrical,,,,,
534,Marzamemi 6,,275,300,,7,,,,amphoras,Almagro50 Almagro51C Afr2B-D,,,,,
529,Marzamemi 10,,400,700,,8,,,,amphoras,Byzantine,,,,,
181,Capo Passero,,400,650,,12,,"20",36,tiles,roof tiles,amphoras,Byzantine,,,
530,Marzamemi 11,,400,700,,28,,,,amphoras,,,,,,
1062,Zaton 1,,75,100,,2,,,,nothing reported,,,,,,
1063,Zaton 2,,75,100,,2,,,,nothing reported,,,,,,
,Oseček,Osecek,,,"1949",,,"14",0.85,,,,,,,
882,Sidi Ahmad,,1,500,,,,,,marble,columns,,,,,
298,Eloro 1,,300,450,,57,,,,amphoras,Keay25,,,,,
581,Nin 1,,1050,1100,,,shallow,"9",,nothing reported,,,,,,
582,Nin 2,,1050,1100,,,shallow,,,nothing reported,,,,,,
1064,Zdrijac,,800,1000,,4,,,,amphoras,Byzantine,tiles,tegulae and imbrices,metal,"copper kettle, iron axe, 2 knives, chisel, nails, 3 adzes, 2 scrapers, plough-share, spear-head, crucible","pottery jug, glass flask"
,Kolín 1,Kolin 1,990,1160,"1921",3,m below riverbed,"8",0.6,,,,,,,
,Kolín 2,Kolin 2,700,1400,"1920",,,"9",0.8,,,,,,,
552,Milazzo,,350,375,,,,,,amphoras,LR,,,,,
595,Ognina 1,,215,230,,8,,,,amphoras,Afr1 Dr20 Beltran2B pear-shaped Kapitän1 Kapitän2 Almagro 50,metal,bronze statuettes,glass,glass vessels,coins dating 210-215
640,Palinuro,,1,500,,50,,,,amphoras,,,,,,
187,Capo Schisò (Italy),,1,500,,,,,,stone,Roman hand mills - millstones,,,,,
37,Arenella,,500,1500,"1984",5,,,,metal,armor weapons,,,,,
343,Giardini,,200,300,,24,,"17",6,marble,"columns, blocks",amphoras,,ceramic,mortarium,
188,Capo Taormina,,1,500,,28,,,,marble,"37 green marble columns, 2 blocks",,,,,
888,Siracusa 2,,400,700,,,,,,amphoras,Byz,,,,,
889,Siracusa 3,,400,700,,,,,,amphoras,,,,,,
890,Siracusa 4,,1,500,,,,,,amphoras,,,,,,
949,Terrauzza,,200,200,,4,,,,amphoras,Kapitän1 Kapitän2,ceramic,table pottery,glass,bottle,
690,Plemmirio 2,,200,200,,47,,,,amphoras,Afr1 Afr2A,metal,iron bars,ceramic,"coarseware cups, jugs, plates, cooking-ware","glass vessels, lamps, lead fishing weight, bronze arrowheads, scalpel handles, bronze handle of an iron cautery, stick"
184,Capo San Alessio,,100,300,,50,,,,amphoras,"small base-ring, cf. Panella46",,,,,
689,Plemmirio 1,,300,500,,,,,,metal,"bronze lamps, censers, pitchers, bowls, shipyard",,,,,
428,Kornat,,1,100,,,,,,amphoras,,,,,,
624,Opat,,1,500,,,,,,tiles,roof tiles,,,,,
760,Punta del Diavolo,,500,1500,,21,,,,stone,limestone blocks,,,,,
,Packoštane,Packostane,375,425,"2004",2.5,,"17.5",,Amphoras,"African II; Tripolitan II; Agera M254",Cookware,"Hayes 71A; Hays 59A, Hayes 196, Hayes 185",Lamp,Deneauve VIII,
94,Brida Marina,,1,200,,,,,,ceramic,early Imperial 'rosso interno' pottery,,,,,
,Zirje,,250,450,,,,,,amphoras,Almagro50,,,,,
859,Santo Ianni,,1,500,,,,,,,,,,,,
376,Gusteranski,,1,200,,,,,,ceramic,pottery,,,,,
510,Maratea 2,,25,260,,,shallow,,,amphoras,Dr20,,,,,
511,Maratea 3,,200,400,,,,,,amphoras,"Almagro50; large-necked amphora or storage jar",,,,,
584,"Noce, Fiume",,-50,100,,,,,,amphoras,Dr2-4,,,,,
926,Sveti Andrija,,1,150,,,,,,amphoras,Dr2-4 Richborough527,,,,,
509,Maratea 1,,50,50,,,shallow,,,amphoras,Dr2-4,,,,,
,Labětín,Labetin,,,"1957",,,"10",0.7,,,,,,,
687,Plavac 1,,-25,25,,33,,"30",8.32,amphoras,Dr2-4,ceramic,"terra sigillata cups and jugs with floral and figural decoration; fineware plates, coarseware, storage jar",lamps,,
688,Plavac 2,,1,100,,,,,,ceramic,pottery,,,,,
,Jaroměř,Jaromer,0,300,,,,"6.22",0.56,,,,,,,
81,Björke,,320,320,"1947",,silted,"7.22",1.24,,,,,,,
1009,Vis 7,,1,500,,,,,,amphoras,,,,,,
1003,Vieste,,500,1500,,,,,,tiles,,,,,,
1008,Vis 6,,1,500,,,,,,tiles,,,,,,
430,Krava,,1,200,,,,,,amphoras,"Dr2-4, pear-shaped",,,,,
553,Mlin,,1,200,,,,,,amphoras,"Dr2-4, pear-shaped",,,,,
637,Palagruza 2,,75,100,,,,,15,amphoras,Beltran2A Haltern70 Dr2-4,ceramic,pottery,ceramic,mortaria,
1007,Vis 5,,400,600,,,,,,amphoras,,,,,,
35,Årby,,800,1000,,,silted,"3.8",1.02,,,,,,,
228,Ciovo,,-100,200,,,,,,ceramic,leaf-pattern imitation ts,,,,,
162,Cape Izmetiste,,1,100,,,,,,,,,,,,
636,Pakleni,,100,200,,44,,,,ceramic,coarse pottery,,,,,
355,Goica,,-25,50,,,,,,amphoras,Dr6A,,,,,
795,Riace,,1,100,,6,,,,metal,"bronze statues; lead jar lid, Dr2-4; lead rings",amphoras,Rhodian fragments,,,
863,Scedro 1,,300,400,,,,,,amphoras,,,,,,
,Trilj,,1300,1400,,,,,,,,,,,,
372,Grscica,,1,200,,,,,,ceramic,pottery,,,,,
639,Palese,,1,500,,,,,,amphoras,,,,,,
71,Bari,,0,0,,,,,,amphoras,,,,,,
445,Lastovo 1,,400,500,,,,,,amphoras,,,,,,
446,Lastovo 6,,1,500,,,,,,amphoras,Roman,,,,,
183,Capo Rizzuto,,1,500,,,,,,,,,,,,
,Mikulčice 1,Mikulcice 1,,,"1967",,,"2.83",0.75,,,,,,,
,Mikulčice 2,Mikulcice 2,825,950,"1967",,,"8.83",0.6,,,,,,,
,Mikulčice 3,Mikulcice 3,825,950,"1967",,,"9.8800000000000008",0.7,,,,,,,
,Mikulčice 4,Mikulcice 4,710,980,"1984",,,"6.7",0.75,,,,,,,
1004,Viganj,,100,200,,30,,,,ceramic,"Aegean pottery: casseroles, plates, frying pans, bowls, jugs, lids, grills",,,,,
171,Capo Cimiti,,1,500,,7,,,,marble,cipollino columns,,,,,
780,Punta Scifo 1,,200,225,,7,,"35",,marble,"columns, basins, blocks, capitals, statues of Pavonazzetto, Synnada, Proconnesian",stone,samples of slate & marble,lamps,bronze lamp,
502,Majsan (Croatia),,0,0,,,shallow,,,,,,,,,
185,Capo San Vito,,1,500,,,,,,amphoras,,,,,,
555,Mljet 2,,1,200,,,,,,amphoras,Dr21/22,ceramic,"coarse pottery, red plates and platters",,,
938,Taranto 3,,1,100,,,shallow,,,amphoras,Coan Rhodian,ceramic,roof tiles,,,
957,Torre Castellucia 1,,200,300,,2,,"17",2.4,nothing reported,,,,,,
958,Torre Castellucia 2,,200,300,,2,,,,nothing reported,,,,,,
633,Ovrat,,1,100,,,,,,amphoras,,,,,,
966,Torre Sgarrata,,180,205,,11,,"30",,marble,"sarcophagi, blocks, veneer",amphoras,Tripolitanian,ceramic,Candarli and other pottery,"tile fragments, mason's mallet, counters, glass vessel fragments, cuirass buckle, coins ending with Commodus (180-192)."
,Uherské Hradistě,Uherske Hradiste,,,"1946",,,"5.22",0.6,,,,,,,
,Spytihněv,Spytihnev,,,"1929",,,"3.83",0.6,,,,,,,
214,Charbrowo 1,,920,1190,,,in alluvium,"13.2",3.3,,,,,,,
254,Czarnowsko 1,,910,1174,,,in alluvium,"13.76",3.35,,,,,,,
255,Czarnowsko 2,,860,1040,,,in alluvium,"12.75",2.95,,,,,,,
632,Ostuni,,1100,1300,,,,,,ceramic,painted dish,,,,,
937,Taranto 1,,400,650,,,,,,stone,millstones,,,,,
903,Sobra,,320,340,,30,,"25",,amphoras,"Afr cylindrical, Al50, pear-shaped",ceramic,"terra sigillata chiara D, cooking pot, jug",,,
593,Oekhesac,,200,400,,,,,,amphoras,Afr2A,,,,,
844,San Pietro,,200,250,,6,,,,marble,Aphrodisian marble sarcophagi,amphoras,fragments,ceramic,Late Roman pottery,"lead ring, lead sheet"
554,Mljet 1,,850,1000,,25,,,,amphoras,CP and Black Sea parallels,glass,"bowls and cups, flasks and goblets",,,
965,Torre Santa Sabina,,-25,25,,6,,,,amphoras,Dr2-4,ceramic,pottery,,,
967,Torre Testa,,0,0,,,shallow,,,stone,Lava millstone,,,,,
728,Porto Cesareo,,1100,1300,,,,,,amphoras,resembling Günsenin1-3,,,,,
959,Torre Chianca,,250,250,,6,,,,marble,cipollino columns,amphoras,Dr43 derived,,,
626,Orunia 1,,1100,1200,,,in alluvium,"12.76",2.37,,,,,,,
627,Orunia 2,,1100,1200,,,in alluvium,"11",2.27,,,,,,,
628,Orunia 3,,1100,1200,,,in alluvium,"13.3",2.46,,,,,,,
772,Punta Patedda,,-15,20,,,,,,amphoras,Apulian/Lam2,ceramic,"fine-wall pottery beakers, Arretine pottery; unguent flask",metal,"bronze drinking cups, fish hook",ivory gaming die
438,Ląd,,810,1115,,,in alluvium,"10.76",2.37,,,,,,,
6,Acque Chiare,,300,450,,6,,"50",,amphoras,cylindrical (cf Keay 25),ceramic,terracotta 'vaulting tubes',,,
773,Punta Penne 2,,150,225,,12,,,,amphoras,Pan41,,,,,
95,Brindisi,,1100,1200,,,,"20",,amphoras,Günsenin1-3,,,,,
655,"Pedagne, Le (Italy)",,0,0,,,,,,amphoras,Dr1 Dr20,,,,,
92,Bozukkale,,1,300,"1980",,,,,ceramic,"2 coarseware jugs, bowl",amphoras,"Rhodes; Agora G199",,,
765,Punta della Contessa 2,,1,100,,,,,,metal,lead ingots,,,,,
964,Torre San Gennaro,,1100,1200,,16,,,,amphoras,,,,,,
874,Secche di Ugento 1,,-50,100,,8,,,,amphoras,Dr2-4,,,,,
875,Secche di Ugento 3,,600,700,,,,,,amphoras,globular,,,,,
748,Puck 2,,861,978,,1.75,,"18",2.3,,,,,,,
749,Puck 3,,950,1155,,0.5,,"16",2.8,,,,,,,
960,Torre dell'Orso,,200,400,,10,,,,amphoras,"Dr41 or 42, Afr2 or cylindrical",,,,,
855,Santa Cesarea,,0,0,,,,,,,,,,,,
447,Lastovska,,-50,110,,,,,,amphoras,Rhodian,,,,,
,Juni,,350,400,"2008",23,,"8.6999999999999993",,amphoras,"African 3 (A-C); Riley Late Roman 1 & 2",,,,,
,Boka Kotorska 1,MN09-AD,-100,25,"2008",65,,"21",,tiles,tegulae imbricae,,,,,
,Boka Kotorska 2,MN09-AE,-100,1,"2008",60,,"20",,amphoras,Lamboglia2,,,,,
796,Risan,,0,0,,,,,,amphoras,,,,,,
928,Szazhalombatta,,1,200,,,,,,metal,35 bronze vessels,ceramic,pottery,,,cooking equipment
397,Ionian 1,,1,400,,700,,,,,,,,,,
97,Budva,,0,0,,,,,,,,,,,,
354,Głębia Gotlandzka,,800,900,,,,"4.3",,,,,,,,
,Weklice Logboats,,1,200,"1984",,,"2.5",,,,,,,,
,Joni,AB09-AA,300,400,,23,,,,amphoras,African3A African3B African3C,,,,,
,Butrint 2,AB08-AH,-30,125,"2008",26,4 +/-,,,amphoras,Tripolitanian 1,,,,,
472,Lixouri,,1,500,,4,,,,marble,"statues, 2 ionic capitals, 4 half-column bases",,,,,
409,Ithaki-Kephalonia,,-100,100,,60,,"25",,amphoras,"Roman (""several thousands"" (?))",,,,,
691,Plitharia,,300,800,,7,,,,amphoras,,,,,,
1058,Zakynthos 2,,400,700,,,,,,amphoras,,,,,,
547,Methone 2,,500,1500,,30,,,,ceramic,Medieval Jars,,,,,
548,Methone 3,,200,250,,10,,"30",20,marble,granite columns,amphoras,Kapitän2,glass,fragment,
549,Methone 4,,100,300,,,shallow,,,stone,garland sarcophagi,tiles,roof tiles,ceramic,pottery,glass unguent jar
733,Porto Longo,,400,650,,,,,,amphoras,Byz,,,,,
860,Sapientza,,1,500,,8,,,,marble,"blocks, slabs",,,,,
,Nauvo,,1310,1340,"1996",5,to 12 m,,,church bell,,ceramics,,unused stoneware,,
154,Cape Akritas,,0,0,,10,,,,amphoras,,,,,,
,Salme 1,,650,750,"2008",,silted,"11.58",,,,,,,,
,Salme 2,,690,770,"2010",,silted,"16.760000000000002",3.05,,,,,,,
930,Tainaron,,1200,1300,,,,,,amphoras,Günsenin3,,,,,
,Prahovo 2,Djerdap 2,100,200,"1987",,,,,,,,,,,
572,Navplion 2,,1200,1500,,,,,,ceramic,pithoi,,,,,
437,Kythera,,-50,110,,15,,,,amphoras,Rhodian,,,,,
378,Haghiokambos,,0,0,,6,,,,,,,,,,
57,Ayios Ioannis Theologos,,1000,1100,,20,,,,amphoras,Günsenin2,,,,,
729,Porto Cheli,,500,600,,7,,,,amphoras,globular,,,,,
31,Antikythera 2,,-100,500,,50,ca,,,amphoras,large barrel-like,,,,,
412,Kallithea,,500,1500,,3,,,,amphoras,Byzantine,,,,,
898,Skopelos,,1175,1200,,,,,,amphoras,,ceramic,Aegean ware with incised geometric or animal motifs or painted ware with geometric design,,,
670,Piraeus 1,,100,200,,,,,,stone,sculptures,,,,,
671,Piraeus 2,,0,0,,30,,,,amphoras,,,,,,
909,Sporades 2,,1000,1200,,50,,"20",5,amphoras,Günsenin3,,,,,
910,Sporades 3,,1000,1200,,50,,"20",5,amphoras,Günsenin3,,,,,
24,Alonessos 2,,1100,1200,,60,,,,amphoras,,,,,,
657,Pelagos,,1150,1150,,40,,"25",8,ceramic,glazed sgraffito ware,stone,granite mill-stones,,,
793,Rhamnous,,0,0,,,,,,amphoras,,,,,,
516,Marsa Lucch,,500,650,,,,"6",2,amphoras,Riley LR8a,,,,,
55,Ayia Galini,,276,290,,5,,,,metal,"scrap (bronze statue fragments, statuettes, tools, vessels); altar; rings; locks; tools; vessels",lamps,brass,coins,coin hoard closing with Probus (276-282),mid C3 amphora
,Suojoki 1,,1200,1500,,,silted,"8",1,,,,,,,
,Suojoki 2,,1200,1500,,,silted,"8",1,,,,,,,
,Suojoki 3,,1200,1500,,,silted,"8",1,,,,,,,
,Suojoki 4,,1200,1500,,,silted,"8",1,,,,,,,
,Suojoki 5,,1200,1500,,,silted,"8",1,,,,,,,
,Suojoki 6,,1200,1500,,,silted,"8",1,,,,,,,
,Suojoki 7,,1200,1500,"1931",,silted,,,,,,,,,
,Suojoki 8,,1200,1500,"1931",,silted,,,,,,,,,
951,Thasos 1,,400,600,,,shallow,,,amphoras,LR/Byzantine,,,,,
535,Matala,,-50,110,,8,,,,amphoras,Schoene8,,,,,
840,Saliagos,,1,500,,3,,,,ceramic,Roman coarse pottery,,,,,
270,Dhia 1,,1,100,,30,,,,amphoras,Roman-type Rhodian Nubian Coan Dr18 Dr25,,,,,
271,Dhia 2,,900,1000,,,,,,amphoras,Günsenin1,,,,,
272,Dhia 3,,1100,1200,,,,,,amphoras,Günsenin3,,,,,
652,Paros 1,,1,100,,16,,,,amphoras,Coan,,,,,
651,Paris 2,,-50,150,,7,,,,amphoras,Dr6?,,,,,
427,Komi 2,,1,500,,4,,,,tiles,roof tiles,ceramic,terra cotta pipes,amphoras,Roman amphoras,
947,Tenedos,,1000,1100,,,,,,amphoras,Günsenin1,,,,,
264,Delphinion,,400,600,,10,,,,amphoras,"similar to RileyD377, perhaps Riley LR1",,,,,
58,Ayios Stefanos,,550,650,,4,,"24",12,amphoras,"LRA1 and other types; LRA1 have resin lining",,,,,
743,Prasso,,400,700,,,shallow,,,amphoras,RileyLR2,,,,,
47,Atalanti,,1,100,,22,,,,,,,,,,
165,Cape Sidero 1,,1,500,,,,,,amphoras,(?),,,,,
166,Cape Sidero 2,,500,1500,,,,,,amphoras,,,,,,
353,Glaronissi,,1,500,,,,,,amphoras,Roman,,,,,
1028,Yassi Ada 1,Yassi Ada A,626,626,"1961",39,,"21",5,amphoras,Riley LR1 Riley LR2,ceramic,"bowls, plates, cups, cooking pots, storage jars, pitchers",stone,mortar,"pipette, lamps, weights, steelyards, censer, fishing weights, glass, iron tools, 70 coins"
1029,Yassi Ada 2,Yassi Ada B,375,425,"1967",42,,"19",,amphoras,,ceramic,"pottery jugs, coarse pottery, lamps, plates, terra sigillata chiara bowls",metal,steelyward and copper jugs,"bronze coins, glass"
415,Karabağla,Yassi Ada D (4),50,125,"1961",8,,,,amphoras,"Rhodian; Late Koan-style (Dressel 2-4?)",lamps,,,,
375,Gümüslük,Myndus,300,400,"1980",,,,,amphoras,Agora M273/Pieri LR8,,,,,
,Akyar Burnu,,-200,400,"2004",35,,,,amphoras,"at least five types dated differently; mostly Kos, also Dressel 2 and Dressel 4; 3rd-4th century amphoras originating from Syria-Palestine",,,,,
,Kizil Ada,,200,700,"2004",49,,,,amphoras,"6 whole pointed-bottom amphoras,fragmets",,,,,
399,İskandil Burnu 1,Iskandil Burnu A,575,625,"1981",35,,"20",5,amphoras,"egg-shaped havit (bag-shaped), cigar-shaped from Gaza, hourglass shaped from Cyprus/Asia Minor, carrot-shaped Egyptian; LR 4 & 5",ceramic,"coarseware jugs and plates, sealed casserole",glass,goblet,
400,İskandil Burnu 2,Iskandil Burnu B,225,275,"1973",10,,,,amphoras,"Kapitän II; Forlimpopoli; Mid-Roman 5; Dressel 24 similis D",,,,,
979,Turkey,,200,300,,,,,,amphoras,Kapitän1 Kapitän2,,,,,
421,Kizil Agac Adasi,,0,0,,7,,,,amphoras,(?),,,,,
423,Knidos 4,,1200,1400,,32,,,,amphoras,,,,,,
506,Mandalya Gulf 1,,-50,50,,,shallow,,,amphoras,,,,,,
507,Mandalya Gulf 3,,900,1000,,37,,,,amphoras,pear-shaped Byzantine,,,,,
,Küçük Kiremit Adasi B,,25,100,"1985",,,,,amphoras,Koan (3-4 forms),,,,,
,Küçük Kiremit Adasi A,,1,150,"1985",,,,,amphoras,Dressel 24,,,,,
259,Datca 3,,275,325,,37,,,,amphoras,Kapitän1 RobinsonK114,,,,,
383,Hayirsiz,,1000,1100,,22,,,,amphoras,Günsenin1,,,,,
945,Tekmezar 3,ekmezar Burnu,1000,1100,,8,,,,tiles,roof tiles,ceramic,glazed bowls,,,
28,Anataş Adacık,,1000,1100,,35,,,,amphoras,Günsenin type 1,,,,,
128,Çamaltı Burnu 1,,1200,1300,,26,ca,,,amphoras,"Günsenin 4 of varying sizes (17-115 l) Greek monograms; some Günsenin 3; about 200 amphoras visible",metal,scrap - 30 broken anchors,,,
129,Çamaltı Burnu 2,,1200,1300,,40,ca,,,amphoras,Günsenin type 1,,,,,
426,Kocayemişlik,,1000,1100,,25,,,,amphoras,Günsenin type 1,,,,,
435,Kuyu Burnu,,1,700,,25,,,,tiles,roofing,,,,,
592,Ocaklar Burnu,,1000,1100,,33,ca,"40",20,amphoras,Günsenin type 1,,,,,
943,Tekmezar 1,,1000,1100,,40,ca,,,amphoras,Günsenin type 1,,,,,
944,Tekmezar 2,,1000,1100,,33,ca,,,amphoras,about 3000 Günsenin type 1,,,,,
45,Aspat bay,,0,0,"1995",43,,,,tiles,roofing,,,,,
,Lapuri,,910,1533,"1976",6,,"0.98",0.33,granite,,,,,,
434,Küçük Ada,,600,700,,28,,,,ceramic,"""water pipes""",,,,,
941,Taşada,,1000,1100,,22,,,,amphoras,Ganos (Günsenin type ?),,,,,
234,Çıhlı Burnu,,600,700,,30,,,,amphoras,"globular ""like Yassi Ada"", i.e. LRA2",,,,,
297,Ekinlik Adası,,500,600,,15,ca,,,marble,architectural elements: columns etc.,,,,,
391,Iassos,Mandalya Körfezi A,300,700,,23,,,,,,,,,,
653,Pasalimani 2,,1400,1500,,15,,"20",15,ceramic,glazed ware,,,,,
304,Eşek Adaları,,1000,1100,,22,,,,amphoras,Ganos (Günsenin type ?),,,,,
710,Pomorje 1,,400,600,,,,,,amphoras,,,,,,
711,Pomorje 2,,400,600,,,,,,tiles,,,,,,
258,Datca 2,,650,725,,49,,,,amphoras,globular baluster-shaped,,,,,
257,Datca 1,,400,650,,,,,,amphoras,Byzantine,,,,,
425,Knidos-Arslanlı Promontory,,600,700,,33,,,,amphoras,,,,,,
424,Knidos-Arslanlı Promontory,,500,600,,,,,,amphoras,,,,,,
,Kerme Gulf,,300,1200,,20,,,,tiles,tiles,,,,,"amphoras, coarse pottery"
420,Kerme Gulf,,300,1200,,20,,,,tiles,,amphoras,,ceramic,coarse pottery,
579,Neseber 2,,500,625,,,,,,amphoras,globular,,,,,
300,Erdek,,900,1200,,,,,,amphoras,Günsenin1,,,,,
477,Lone Mushroom,,0,0,,17,,,,amphoras,,,,,,
545,Mercury wreck,,1350,1450,,20,,,,amphoras,,,,,,
569,Na'ama,,1100,1400,,11,,,,amphoras,,,,,,
135,Camirus,,1200,1300,,,,,,amphoras,Günsenin4,,,,,
849,Sancak Burun A,,0,50,,36,,,,amphoras,"Rhodian (Two Types), possibly containing wine",,,,,
997,Varna,,400,500,,,,,,amphoras,large LR Zeest 80,,,,,
942,Tcerny Nos,,375,500,,,,,,amphoras,Riley LR8b,,,,,
879,Serçe Limani Zone,,975,1100,,36,,,,glass,vessels,,,,,
656,Pefkos,,400,700,,,shallow,,,amphoras,Byzantine globular,ceramic,"pitcher base, plate with internal green glaze",,,
88,Bozburun Armed Nave,TK05-AH,1475,1575,"2006",81,,"18",4,ceramic,no handles,weapons,4-5 swivel guns (1.5-2m x 10cm),,,
89,Bozburun Galley A,TK05-AB,1475,1525,"2006",75,,"16",2.5,weapons,"one centerline gun, two swivel guns",,,,,
90,Bozburun Julio-Claudian,,-50,50,,83,,"15",2,amphoras,Rhodian type 1 like Lyon (Sciallano and Sibella 1994) 1BC-1CAD,amphoras,Rhodian type 2 (similar to Peacock and Williams (1991) class 9 (Camulodonum 184) 2C,amphoras,"Rhodian type 3 (like Antikythera wreck, citing Grace 1965, 5-7)",
91,Bozburun late antique anchor wreck,TK05-AD,500,600,,85,,"9",3,amphoras,"LRA1; Type 2, (60 cm long) beehive shaped w/ ridges unidentified; 1 LRA3  (40cm long)",,,,,
238,Çomlek Burun,,1000,1200,,65,,"10",3,amphoras,"60 Serçe Limani type, rounded, short neck.",,,,,
87,Bozburun,Selimiye,875,900,,33,,"15",5,amphoras,"pear-shaped, 11-15 liters",tiles,stone,ceramic,"8 ceramic jugs, 9 ceramic pots","2 copper jugs, 3 glass goblets, one oil lamp, rope, weights"
466,Lindos 1,,-50,100,,30,,,,amphoras,Rhodian,,,,,
467,Lindos 3,,0,0,,,,,,,,,,,,
878,Serçe Limani 1,,1025,1025,,34,,"15.6",5,glass,"broken vessels, cullet, intact vessels; weights",ceramic,"Islamic glazed bowls, pots, glazed bowls",amphoras,Byzantine,"wooden combs, orpiment, glasses, coin weights balance pan weights, iron swords, wooden scabbard, lead net weights, axe, spears, javelins, chessmen, gaming table, gold pendant, silver rings, tools, nails, fishing equipment"
,Arap Adasi B,,550,600,"1982",,,,,amphoras,"LR1 (type 1 & 2); LR4",,,,,
416,Karaca Adasi,,0,0,,10,,,,amphoras,,ceramic,pithoi,,,
396,Ince Ada,Ince Ada A,75,125,,30,,,,amphoras,Dr2-4,,,,,
,TK06-AD,Bozborun,1560,1600,"2006",87,,"33",9,tableware,metal,weapons,"cannons (eight); crossbows",,,
15,Akandia 1,,-50,100,"1974",36,,"15",11,amphoras,270 Roman Rhodian of 22 and 11 liters,,,,,
16,Akandia 2,,0,0,"1974",38,,,,amphoras,new type transport amphoras,,,,,
514,Marmaris 1,,700,900,,,,,,ceramic,Byzantine  plates,,,,,
,Ragged Bay A,,100,175,"1995",,,,,amphoras,"Rhodian; Knidian; unidentified E/SE Aegean",,,,,
1030,Yenikapı 1,,900,900,,,silted,,,,,,,,,
1031,Yenikapı 10,,400,1400,,,silted,,,,,,,,,
1032,Yenikapı 11,,400,1400,,,silted,,,,,,,,,
1033,Yenikapı 12,,400,1400,,,silted,,,,,,,,,
1034,Yenikapı 13,,400,1400,,,silted,,,,,,,,,
1035,Yenikapı 14,,400,1400,,,silted,,,,,,,,,
1036,Yenikapı 15,,400,1400,,,silted,,,,,,,,,
1037,Yenikapı 16,,400,1400,,,silted,,,,,,,,,
1038,Yenikapı 17,,400,1400,,,silted,,,,,,,,,
1039,Yenikapı 18,,400,1400,,,silted,,,,,,,,,
1040,Yenikapı 19,,400,1400,,,silted,,,,,,,,,
1041,Yenikapı 2,,400,1400,,,silted,,,,,,,,,
1042,Yenikapı 20,,400,1400,,,silted,,,,,,,,,
1043,Yenikapı 21,,400,1400,,,silted,,,,,,,,,
1044,Yenikapı 22,,400,1400,,,silted,,,,,,,,,
1045,Yenikapı 23,,400,1400,,,silted,,,,,,,,,
1046,Yenikapı 24,,400,1400,,,silted,,,,,,,,,
1047,Yenikapı 25,,400,1400,,,silted,,,,,,,,,
1048,Yenikapı 26,,400,1400,,,silted,,,,,,,,,
1049,Yenikapı 27,,400,1400,,,silted,,,,,,,,,
1050,Yenikapı 3,,400,1400,,,silted,,,,,,,,,
1051,Yenikapı 4,,400,1400,,,silted,,,,,,,,,
1052,Yenikapı 5,,900,1000,,,silted,,,,,,,,,
1052,Yenikapı 6,,600,700,,,silted,,,,,,,,,
1053,Yenikapı 7,,400,1400,,,silted,,,,,,,,,
1053,Yenikapı 8,,400,1400,,,silted,,,,,,,,,
1054,Yenikapı 9,,400,1400,,,silted,,,,,,,,,
429,Kotu Burun,,1000,1100,,42,,,,amphoras,Pulak1,ceramic,large globular jars,,,
,Yilan Ada A,,300,400,"1996",,,,,amphoras,"unidentified E. Aegean (African-style?); Aegean San Lorenzo 7 (Almagro 50/Iberian?)",,,,,
,Kalkan A,,400,425,"1973",,,,,amphoras,LR1,,,,,
,İnce Burun A,,425,475,"1983",,,,,amphoras,"""carrot-shaped""; possible Pieri LRA 1A",,,,,
1061,Zatoane,,1,500,,,silted,,,nothing reported,,,,,,
419,Kastellorizon,,1200,1225,,50,,,,ceramic,glazed pottery,,,,,
,Kepez Tepe A,,375,425,"1983",,,,,amphoras,"LR1, Agora M273/Pieri LR8; unknown Sinopean-style (Pontic?); unidentified type 4",,,,,
418,Kas,,1200,1400,,,,,,amphoras,late medieval,,,,,
887,Sile,,100,125,,6,,,,marble,"columns and block of green breccia, 5 ionic capitals, column base, blocks, plaque, roughly quarried, half finished of Proconnesian, half-finished colossal statue of emperor, large female bust, sarcophagus lid, stele, 2 bowls",,,,,
984,Ulu Burun Area,,1000,1200,,42,,,,tiles,,,,,,
,Kekova Adasi B,,500,550,"1983",,,,,amphoras,"LR5; LR4",,,,,
21,Alexandria late Roman,,400,700,"2004",,,,,amphoras,LRA1,,,,,
,Antirhodos,,-25,100,"1992",5,silted,"30.5",10.75,no cargo found,,,,,,
19,Alexandria 1,,1,500,,,,,,amphoras,Dr6?,,,,,
20,Alexandria 2,,0,0,,,,,,stone,grinding stones,,,,,
160,Cape Gelidonya 3,,0,0,,46,,"5",3,,,,,,,
161,Cape Gelidonya 4,,1200,1500,,54,,,,ceramic,Late Byz sgraffito pottery,,,,,
,Kioni A,,100,200,"1991",,shallow,,,amphoras,"""pinched-handle""",,,,,
443,Lara (Cyprus),,0,0,,,,,,,,,,,,
56,Ayios Georghios,,0,0,,,shallow,,,amphoras,,,,,,
324,Fondana Amorosa,,1,500,,30,,,,amphoras,,,,,,
950,Thalassinies Spilies,,500,700,,,shallow,,,amphoras,Byzantine globular,,,,,
48,Avdimou bay,,450,500,,,,,,stone,"millstones 3, conical  in shape",amphoras,"LR4 (type A2?), from Gaza and Ashkelon, tall narrow w/o neck, small ring handles, no rim.  traces of pitch inside the amphoras indicate contained holy land wine; LR1 sherds",,,
167,"Cape Zevgari, Cyprus",Cape Zevgari A,400,500,,6,1 +/-,"35",15,amphoras,"LR1 (150 necks), local, for oil, with some writings on them indicating measurements for dry goods; evidence of wine transport",,,,,
1055,Yılanlı Ada,Erkut Arcak,500,700,"2002",55,,,,amphoras,LRA1,,,,,
163,Cape Kiti 1,Cape Kiti A,600,700,,2,,,,amphoras,Byz,,,,,
164,Cape Kiti 2,Cape Kiti B,1,25,,,shallow,,,amphoras,Dr6A,,,,,
256,Dana Adası,,0,0,"2006",,,,,amphoras,,,,,,
82,Boğsak,,1,200,"2006",,,,,amphoras,Dr2-4,ceramic,plates and bowls,ceramic,"""silo-like large vessels""",
41,Arwad 2,,500,650,,6,,,,amphoras,"rilled, pear-shaped Byzantine",,,,,
42,Arwad 3,,0,0,,20,,,,stone,black basalt columns,,,,,
406,Israel,,500,600,,40,,,,ceramic,pottery,,,,,
,Fig Tree Bay South A,,75,125,"2007",6.5,2.5 +/-,,,amphoras,"51 found, most likely over 100 at the site. Agora M54 (Cilician); Gaulois 4 and many Gaulois 4 imitations (possibly Cilician); several unknown which are similar to ones found at Dor and Ma'agan Mikhael",,,,,
,Protaras,,100,150,"2007",10,,,,amphoras,AgoraM54 Gauloise4,,,,,
,Ashkelon Mayumas,,500,600,,3.5,.5 +/-,,,amphoras,"""Gaza wine amphoras""",,,,,
43,Ashqelon,,0,0,,,,,,stone,Egyptian-style porphry statue,,,,,
155,Cape Andreas 1,Cape Andreas A,400,650,"1969",13,5 +/-,,,ceramic,roof tiles (Corinthian style tegulae and imbrices),metal,bronze fragments,,,
156,Cape Andreas 2,Cape Andreas B,575,700,"1969",9,,,,amphoras,"LR 2b/13; unidentified similar amphora",glass,vessels,,,
157,Cape Andreas 3,Cape Andreas C,575,625,"1967",10,,,,amphoras,"LR1 Type 1 & 2; LR 2B/13",,,,,
158,Cape Andreas 5,Cape Andreas E,450,650,,25,,,,amphoras,Byzantine baluster-shaped,ceramic,terracotta sarcophagi,,,
159,Cape Andreas 6,Cape Andreas F,200,200,"1970",20,ca,,,tiles,roof tiles (Corinthian style tegulae and imbrices),,,,,
1010,W-Sinop A,,300,599,,101,,"20",10,amphoras,"Carrot shaped, Byz  4th-5th c. ( particular of Sinop)",,,,,
1011,W-Sinop B,,300,599,,85,,"24",12,amphoras,"LR1 (like Yassiada) and Carrot shaped, Byz  4th-5th c. (particular of Sinop)",,,,,
1012,W-Sinop C,,300,599,,85,,,,amphoras,"Carrot shaped, Byzantine  4th-5th c. (particular of Sinop)",,,,,
1013,W-Sinop D,,410,520,,320,,"13",,ceramic,one ancient jug,,,,,
,Carmel Coast 1,,50,100,,,,,,,,,,,,
550,Mikhmoret,,1,1500,,,,,,ceramic,R/Byz jars,,,,,
109,Caesarea 1,,275,325,,6,,,,amphoras,,,,,,
110,Caesarea 2,,275,325,,6,,,,amphoras,,,,,,
111,Caesarea 3,,250,250,,7,,,,stone,squared basalt slabs,coins,bronze coins of Philip the Arab,,,
876,Sedot Yam,,400,600,,3,,,,amphoras,Keay 25,,,,,
913,Straton's Tower,,50,50,,3,,"45",9,dolia,,metal,"legs of folding bronze table; silver rings; balance scales",,,
275,Dor,,600,700,,2,,,,amphoras,,,,,,
276,Dor 1,Dor A,600,640,,3,,"22",,amphoras,Palestine,,,,,
277,Dor 2001/1,,420,540,,1,,"11.5",4.5,stone,"sandstone (kurkar, 80 in number) porba local",amphoras,Yassi Ada,ceramic,"Gaza ware; Byzantine cooking pots",
278,Dor 4 (D),Dor D,539,621,"1999",2,,"16",,amphoras,"LR4, LR5; petrology Palestine between Gaza & Ashkelon",metal,"2 bronze steelyards, pear-shaped counterbalance lead weight sheated in copper, w/ inscription of different owners and christian sign of cross Artemon-Psates of Rhion",stone,cheap stone anchors,"gear: LR1  (Paphos kiln?) LR2 ARS Keay 42D; roof tiles from Cyprus; hearth tiles seem to be from Palestine; iron pick"
279,Dor 5 (E),Dor E,500,700,,,,,,amphoras,Palestine,,,,,
280,Dor 6 (F),Dor F,600,640,,2,,,,amphoras,,marble,"ashlar ; mortar (unused)",metal,"copper flask with iron handle, similar to one found at Yassi Ada and 4 other similar contexts in the Mediterranean.  Author claims this is feature of 7th c. Byzantine  metallurgy. Also found a copper pitcher.",
281,Dor 7 (G),Dor G,600,640,,2.2,,"9",,amphoras,stone ballast,masonry,ashlar blocks,,,
282,Dor O (Trench IX),,553,645,,,,,,masonry,,ceramic,pottery,,,
283,Dor Trench IV,,500,700,,,,,,amphoras,LR5,,,,,
932,Tantura Arab,,700,900,,,shallow,,,amphoras,,,,,,
935,Tantura Lagoon E,,550,650,"1995",2.5,,"8",3.5,amphoras,"""Umayyad""",,,,,
936,Tantura Lagoon F,,700,750,,1,,"12",3.5,amphoras,"8 some similar to Yassiada (LR1, but one handle)",ceramic,"20 for storage (with fish bone remnants) similar to Cesarea stratum 8, Pella, Jordan, Israeli coast from C7",ceramic,2 juglets similar to ones found at Kellia and Nile delta from C7,
,Novy Svet 1,,1250,1300,"1999",10,,"25",7,amphoras,Günsenin3 Günsenin4,ceramics,"Glazed White Ware; Port Saint-Symeon Ware; Graffita Arcaica Tirrenica; Cypriot Ware; Zeuxippus Ware; a new kind with open form, ring foot, monochrome sgraffito decoration",glass,,
481,Ma'Agan Michael,,1,100,,5,,,,metal,lead ingots (5),metal,"sounding lead, 2",,,
933,Tantura lagoon A (Dor J),Dor J,500,600,,,shallow,"12",,amphoras,LR5 (Byzantine bag shaped),ceramic,sherds glued to the hull with resin,,,
934,Tantura Lagoon B,,800,850,,,,"30",,lamps,Abbasid-period oil lamp,,,,,
1,'Atlit 2,,1275,1300,,,,,,nothing reported,,,,,,
2,'Atlit 3,,1400,1500,,0,,,,metal,70 bronze Mamluk helmets,,,,,
,Tantura Byzantine,,663,665,"1998",,,,,coins,minted from Anastasius I to Constantine II,fishing gear,"lead net sinkers, fishing spear, etc",,,
920,Sudak 1,,800,900,"1999",,,,,amphoras,Günsenin 1,amphoras,Günsenin 2,amphoras,"""pitcher amphoras"" - naphta?",
379,Hahoterim 2,,200,300,,2,,,,nothing reported,,,,,,
388,Hof Hacarmel 1,,160,170,,4,,,,amphoras,(?),metal,"bronze statuettes, steelyard, neck chain; copper nails",coins,"coins of Trajan, Hadrian, Antoninus Pius and Faustina the Younger",
389,Hof Hacarmel 2,,400,425,,4,,,,amphoras,Byzantine,coins,Arcadius,metal,copper nails,
541,Megadim 2,,1404,1404,,,shallow,,,coins,"several hundred thousand, Mamluk of Sultan Nasser Farage (1399-1412)",metal,"bronze torches, copper lamps, inscribed bronze plaques, copper dishes, mortars and pestles, hinges of wooden chests",,,
580,Newe Yam 2,,300,1500,,,,,,amphoras,,,,,,
946,Tel Kara (Israel),,0,0,,,,,,metal,copper ingots,,,,,
922,Sudak 3,,,,"1980",50,,,,amphoras,Ganos-Günsenin 1,,,,,
927,Syria,,800,900,,35,,,,amphoras,Arab,ceramic,jars,,,
921,Sudak 2,,900,1100,"2000",,,,,amphoras,,amphoras,,,,
980,Tyre 2,,1,100,,,shallow,,,amphoras,,,,,,
981,Tyre 3,,1,500,,,,,,,,,,,,
982,Tyre 7,,500,1500,,,,,,ceramic,glazed pottery,stone,millstones,,,
411,Jezirat Fara'un (Sinai),,500,1500,,,,,,amphoras,Byzantine,,,,,
,Kinneret,"""The Jesus Boat""",-50,70,"1986",,silted,"8.8000000000000007",2.5,,,,,,,
790,Ras el Basit,,250,350,,,,,,ceramic,mortaria,,,,,
940,Tartus,,1000,1200,,,,,,amphoras,Günsenin3,,,,,
880,Shab Rumi,,-50,100,,,shallow,,,amphoras,Coan,,,,,
46,Assarca,,400,600,"1995",4,ca 4-6m,"14",,amphoras,"carrot-shaped; lentoid (Assarca Type 2); conical (Assarca Type 1); wide conical (Assarca Type 3); amphorae have rilling and brown slip. Amphoras had lids",ceramics,light cream color,glass,greenish blue,
625,Orlamonde 1,"17",300,500,,92.5,75-110,,,amphoras,"late Roman, african",,,,,
,Bet Dwarka,,-100,100,"1983",6.5,1.5 +/-,,,stone artefact,"unidentified circular granite object with a small axial hole; possibly a hand-mill",amphoras,"seven amphoras; sherds of amphora; thick, coarse, gritty fabric; most likely used for export of wine from the Roman Empire",other pottery,"sherds of jars of various sizes; mostly red dull ware, coarse fabric  and ill-fired","lead ingot, circular, 23 cm in diameter, 8.5 kg"
